concept_id,chapter_id,chapter_name,topic,title,definition,mechanism_steps,neet_traps,sample_question,sample_options,correct_answer,explanation
BIO-C01-01,c01,The Living World,Taxonomy,Binomial Nomenclature,"Binomial Nomenclature is a formal system of naming species by giving each a name composed of two parts: the genus name (capitalized) and the specific epithet (lowercase), both printed in italics or underlined separately when handwritten.",Step 1: Identify specimen morphology -> Step 2: Assign genus based on shared generic characters -> Step 3: Assign unique specific epithet -> Step 4: Latinize and format according to ICBN (plants) or ICZN (animals).,"NEET Trap: Specific epithet never begins with a capital letter (e.g. Mangifera indica, NOT Mangifera Indica). Also, author's name appears at the end in Roman script without italics (e.g. Mangifera indica Linn.).","According to Binomial Nomenclature, which of the following is written correctly?",Mangifera Indica Linn.|mangifera indica|Mangifera indica Linn.|Mangifera indica linn.,2,"Mangifera indica Linn. is correct because the genus starts with uppercase, specific epithet with lowercase, and author citation is in standard Roman font."
BIO-C02-01,c02,Biological Classification,Five Kingdom Classification,Kingdom Monera & Archaebacteria,Kingdom Monera comprises unicellular prokaryotic organisms without membrane-bound organelles or true nucleus. Archaebacteria differ from eubacteria in having a distinctive cell wall structure (branched chain lipids / pseudomurein) allowing survival in extreme environments.,"Step 1: Cell wall analysis (absence of peptidoglycan in archaebacteria) -> Step 2: Lipid membrane composition (ether linkages in archaebacteria vs ester in eubacteria) -> Step 3: Adaptation to extreme niches (halophiles, thermoacidophiles, methanogens) -> Step 4: Metabolic pathways.",NEET Trap: Methanogens are obligate anaerobes present in the gut of ruminants and produce biogas (methane). Mycoplasma are the smallest living cells that lack cell wall entirely and are resistant to penicillin.,Which of the following organisms completely lacks a cell wall and can survive without oxygen?,Nostoc|Anabaena|Mycoplasma|Methanococcus,2,"Mycoplasma completely lack a cell wall, are pleomorphic, and are resistant to antibiotics like penicillin that target cell wall synthesis."
BIO-C08-01,c08,Cell: The Unit of Life,Cell Organelles,Mitochondria and ATP Synthesis,"Mitochondria are double membrane-bound semi-autonomous organelles known as the powerhouses of the cell, responsible for aerobic cellular respiration and ATP generation through oxidative phosphorylation.",Step 1: Inner membrane folds into cristae to maximize surface area -> Step 2: Pyruvate dehydrogenase and Krebs cycle enzymes in the matrix generate NADH and FADH2 -> Step 3: Electron Transport System (ETS) complexes I-IV pass electrons to O2 -> Step 4: Proton gradient drives Fo-F1 ATP synthase to synthesize ATP.,"NEET Trap: Mitochondria possess their own 70S ribosomes and circular single-stranded/double-stranded naked DNA (maternal inheritance). The outer membrane is freely permeable due to porins, while the inner membrane is selectively permeable with cardiolipin.",Mitochondrial cristae serve which primary functional purpose in cellular respiration?,Store respiratory enzymes in dormant state|Increase surface area for ETS and ATP synthase complexes|Facilitate anaerobic glycolysis|Prevent proton accumulation in the matrix,1,The cristae are infoldings of the inner mitochondrial membrane that vastly increase surface area for the electron transport chain and ATP synthase complexes.
BIO-C08-02,c08,Cell: The Unit of Life,Endomembrane System,Golgi Apparatus and Protein Trafficking,"The Golgi apparatus consists of flat, disc-shaped sacs or cisternae arranged concentrically near the nucleus, functioning as the primary packaging, modification, and dispatch center for proteins and lipids synthesized in the endoplasmic reticulum.",Step 1: Vesicles from Rough ER fuse with the cis (forming/convex) face -> Step 2: Proteins undergo post-translational glycosylation into glycoproteins and glycolipids -> Step 3: Molecules are sorted and packed into transport vesicles -> Step 4: Vesicles bud off from the trans (maturing/concave) face.,"NEET Trap: The cis and trans faces are entirely different biochemically: cis is convex (receiving from ER) while trans is concave (shipping to lysosomes, secretory vesicles, or plasma membrane).",Which face of the Golgi apparatus receives nascent vesicles budding from the endoplasmic reticulum?,Trans face (maturing face)|Cis face (forming face)|Lateral cisternae|None; vesicles bypass the Golgi,1,Vesicles from the ER fuse with the convex cis face (forming face) of the Golgi apparatus for processing.
BIO-C10-01,c10,Cell Cycle and Cell Division,Meiosis,Crossing Over in Pachytene,"Crossing over is the exchange of genetic material between non-sister chromatids of homologous chromosomes occurring during the pachytene sub-stage of Prophase I of meiosis, mediated by the recombinase enzyme complex.","Step 1: Leptotene (chromatin condenses) -> Step 2: Zygotene (synapsis forms synaptonemal complex / bivalents) -> Step 3: Pachytene (recombinase enzyme facilitates crossing over between non-sister chromatids) -> Step 4: Diplotene (dissolution of synaptonemal complex, chiasmata visible) -> Step 5: Diakinesis (terminalisation of chiasmata).",NEET Trap: Students often confuse Zygotene (synapsis begins) with Pachytene (crossing over occurs) and Diplotene (chiasmata become visible). Remember: Zygotene = Synapsis; Pachytene = Crossing over; Diplotene = Chiasmata.,In which stage of Prophase I of Meiosis does crossing over take place between homologous non-sister chromatids?,Leptotene|Zygotene|Pachytene|Diplotene,2,Crossing over occurs during the Pachytene stage of Meiosis I and is catalyzed by the enzyme recombinase.
BIO-C13-01,c11,Photosynthesis in Higher Plants,Light Reaction,Non-cyclic Photophosphorylation (Z-Scheme),"Non-cyclic photophosphorylation is the light-driven flow of electrons from water through Photosystem II (P680) and Photosystem I (P700) to NADP+, producing ATP, NADPH, and releasing O2 as a by-product via photolysis of water.","Step 1: Photolysis of water at PS II oxygen-evolving complex: 2H2O -> 4H+ + 4e- + O2 -> Step 2: P680 excited electrons transfer through Pheophytin, Plastoquinone, Cytochrome b6f complex -> Step 3: Electron transfer generates proton gradient across thylakoid into lumen -> Step 4: Plastocyanin donates electrons to PS I (P700) -> Step 5: Ferredoxin-NADP+ reductase reduces NADP+ to NADPH -> Step 6: Chemiosmosis drives ATP synthesis.","NEET Trap: Oxygen is released into the thylakoid lumen (NOT the stroma). Protons accumulate in the lumen, creating a lower pH inside the lumen compared to the stroma. PS II is located on the appressed granal thylakoids; PS I is located on non-appressed stroma lamellae.","During non-cyclic photophosphorylation, where do protons accumulate to create the proton gradient?",In the chloroplast stroma|In the thylakoid lumen|In the intermembrane space|In the mitochondrial matrix,1,"Protons from water photolysis and plastoquinone pumping accumulate inside the thylakoid lumen, causing high proton concentration and low pH."
BIO-C13-02,c11,Photosynthesis in Higher Plants,Dark Reaction,Calvin Cycle (C3 Pathway),"The Calvin cycle is a light-independent series of enzymatic reactions occurring in the chloroplast stroma where atmospheric CO2 is fixed into carbohydrates, beginning with the carboxylation of RuBP catalyzed by RuBisCO.",Step 1: Carboxylation: 1 CO2 fixes onto RuBP (5C) via RuBisCO to form two molecules of 3-PGA (3C) -> Step 2: Reduction: 2 ATP and 2 NADPH per CO2 reduce 3-PGA to Triose Phosphate (G3P) -> Step 3: Regeneration: 1 ATP is consumed to regenerate RuBP (5C). Total for 1 Glucose (6 CO2): 18 ATP and 12 NADPH.,"NEET Trap: To produce ONE molecule of glucose (6 turns of cycle), exactly 18 ATP and 12 NADPH are consumed. RuBisCO is the most abundant enzyme in the biosphere and has both carboxylase and oxygenase activity (causing photorespiration in C3 plants).",How many molecules of ATP and NADPH are consumed to synthesize one molecule of glucose in the Calvin cycle?,12 ATP and 12 NADPH|18 ATP and 12 NADPH|18 ATP and 18 NADPH|36 ATP and 24 NADPH,1,"Six turns of the Calvin cycle fix 6 CO2 molecules, consuming 18 ATP (12 in reduction + 6 in regeneration) and 12 NADPH (reduction)."
BIO-C13-03,c11,Photosynthesis in Higher Plants,C4 Pathway,Kranz Anatomy and Hatch-Slack Pathway,"The C4 pathway is an evolutionary adaptation in tropical grasses (e.g., maize, sugarcane) that minimizes photorespiration by spatially separating initial CO2 fixation in mesophyll cells from the Calvin cycle in bundle sheath cells featuring Kranz anatomy.","Step 1: In mesophyll cells, PEP carboxylase (PEPcase) fixes atmospheric CO2 onto PEP (3C) to produce OAA (4C) -> Step 2: OAA converts to Malate or Aspartate and is transported to bundle sheath cells -> Step 3: In bundle sheath cells, malate is decarboxylated to pyruvate (3C), releasing high-concentration CO2 around RuBisCO -> Step 4: Calvin cycle proceeds with zero photorespiration; pyruvate returns to mesophyll and regenerates PEP.","NEET Trap: PEP carboxylase lacks oxygenase activity and operates efficiently at very low CO2 concentrations. Bundle sheath cells have agranal chloroplasts, thick walls impervious to gas exchange, and large numbers of RuBisCO enzymes.",What is the primary CO2 acceptor and the first stable product in C4 plants?,RuBP and 3-PGA|PEP and Oxaloacetic acid (OAA)|RuBP and OAA|PEP and Malic acid,1,"In C4 plants, Phosphoenolpyruvate (PEP, 3C) is the primary CO2 acceptor in mesophyll cells, forming Oxaloacetic acid (OAA, 4C) as the first stable product."
BIO-C14-01,c12,Respiration in Plants,Glycolysis,EMP Pathway Reactions and ATP Yield,"Glycolysis (EMP pathway) is the universal anaerobic breakdown of one glucose molecule into two molecules of pyruvic acid in the cytoplasm, yielding a net of 2 ATP and 2 NADH.","Step 1: Phosphorylation of Glucose to G-6-P by Hexokinase (1 ATP consumed) -> Step 2: Isomerization to F-6-P and second phosphorylation to F-1,6-bisphosphate by PFK (1 ATP consumed) -> Step 3: Cleavage into DHAP and PGAL (3C each) -> Step 4: Dehydrogenation of PGAL to 1,3-BPG (1 NADH produced per PGAL, total 2 NADH) -> Step 5: Substrate-level phosphorylation yields 4 ATP -> Net gain: 2 ATP + 2 NADH.",NEET Trap: Glycolysis requires NO oxygen and produces NO CO2. Phosphofructokinase (PFK) is the key pacemaker / regulatory enzyme. Net ATP produced by substrate-level phosphorylation is 2 (4 formed minus 2 invested).,"In glycolysis, what is the net gain of ATP molecules produced per glucose molecule solely via substrate-level phosphorylation?",4 ATP|2 ATP|36 ATP|38 ATP,1,"During glycolysis, 4 ATP are generated by substrate-level phosphorylation, but 2 ATP are consumed in the priming phase, leaving a net gain of 2 ATP."
BIO-C18-01,c16,Body Fluids and Circulation,Circulatory System,Cardiac Cycle and Conducting System,"The cardiac cycle encompasses all events during one complete heartbeat, coordinated by specialized nodal tissue comprising the SA node (pacemaker), AV node, AV bundle of His, and Purkinje fibers.",Step 1: SA node generates action potentials (70-75/min) causing joint atrial systole -> Step 2: Action potential travels via AV node (0.1s AV delay allows ventricles to fill) -> Step 3: Bundle of His and Purkinje fibers conduct wave of depolarization to ventricular myocardium -> Step 4: Isovolumetric ventricular contraction closes AV valves (Lub sound / S1) -> Step 5: Ventricular ejection pumps blood into aorta/pulmonary artery -> Step 6: Ventricular diastole causes semilunar valve closure (Dub sound / S2).,NEET Trap: SA node is the natural pacemaker because it has the highest rate of spontaneous depolarization. First heart sound (Lub) is closure of tricuspid/bicuspid valves; second heart sound (Dub) is closure of semilunar valves. Lub is longer and lower pitched than Dub.,The first heart sound (Lub) during a cardiac cycle is caused by which event?,Closure of semilunar valves at end of systole|Closure of tricuspid and bicuspid (mitral) valves at onset of ventricular systole|Rapid blood inflow during atrial diastole|Opening of aortic valve,1,The Lub (S1) heart sound is produced by the closure of the atrioventricular valves (tricuspid and bicuspid) right at the onset of ventricular systole.
BIO-C18-02,c16,Body Fluids and Circulation,Human Circulatory System,Why Heart Has 4 Chambers and Double Circulation,"The human heart is partitioned into four chambers (two upper atria and two lower ventricles) separated completely by muscular septa. This four-chambered structure completely prevents the mixing of oxygenated and deoxygenated blood, enabling true double circulation (pulmonary and systemic circuits) to support high metabolic rates and endothermic body temperature regulation in humans.",Step 1: Deoxygenated Return: Superior and inferior vena cava return CO2-rich blood into the Right Atrium -> Step 2: Pulmonary Circuit: Right ventricle pumps deoxygenated blood through pulmonary artery into lungs for oxygenation -> Step 3: Oxygenated Return: Four pulmonary veins bring O2-rich blood into the Left Atrium -> Step 4: Systemic Circuit: Left ventricle pumps oxygenated blood through the aorta under high pressure to systemic organs -> Result: Separation of systemic and pulmonary circuits allows high oxygen delivery and distinct pressure regulation.,"NEET Trap: Fishes have a 2-chambered heart (single circulation). Amphibians and reptiles have 3 chambers (2 atria, 1 ventricle, incomplete double circulation with blood mixing). Crocodiles, birds, and mammals have 4 chambers (complete double circulation with zero mixing). The left ventricle has a wall 3 times thicker than the right ventricle because systemic circulation has higher vascular resistance.",What is the primary physiological benefit of a 4-chambered heart in humans and mammals?,Allows mixed blood to circulate to conserve oxygen|Completely separates oxygenated and deoxygenated blood for high metabolic efficiency|Reduces arterial blood pressure to prevent organ damage|Allows all four chambers to contract at the exact same moment,1,"A 4-chambered heart prevents mixing of oxygenated and deoxygenated blood, enabling efficient double circulation and high metabolic rate in humans."
BIO-C19-01,c17,Excretory Products and Elimination,Excretory System,Nephron Function and Countercurrent Mechanism,The countercurrent mechanism operating between the Henle's loop and vasa recta in juxtamedullary nephrons maintains an increasing osmolarity gradient (300 to 1200 mOsm/L) in the medullary interstitium to concentrate urine.,"Step 1: Descending limb of Henle's loop is permeable to water but impermeable to electrolytes, concentrating tubular filtrate -> Step 2: Ascending limb is impermeable to water and actively transports NaCl into the medullary interstitium -> Step 3: Vasa recta hairpin countercurrent flow preserves the gradient without washing out solutes -> Step 4: Collecting duct passes through hyperosmotic medulla, enabling ADH-mediated water reabsorption.","NEET Trap: Descending limb loses water (filtrate becomes hypertonic); ascending limb loses NaCl (filtrate becomes hypotonic). ADH (vasopressin) acts on distal convoluted tubules and collecting ducts to insert aquaporins, preventing diuresis.",Which part of the loop of Henle is impermeable to water but allows active transport of electrolytes?,Descending limb|Thin ascending limb|Thick ascending limb|Distal convoluted tubule,2,The ascending limb of the loop of Henle is impermeable to water and actively transports electrolytes like NaCl into the medullary interstitium.
BIO-C27-01,c24,Principles of Inheritance and Variation,Mendelian Genetics,Mendel's Laws of Segregation and Independent Assortment,Mendel's Law of Segregation states that alleles separate during gametogenesis so that each gamete carries only one allele. The Law of Independent Assortment states that different gene pairs assort independently during gamete formation if located on separate chromosomes.,Step 1: Monohybrid cross (Tt x Tt) yields 3:1 phenotypic and 1:2:1 genotypic ratio in F2 -> Step 2: Separation of homologous chromosomes during Anaphase I ensures allele segregation -> Step 3: Dihybrid cross (RrYy x RrYy) yields 9:3:3:1 phenotypic ratio in F2 -> Step 4: Deviations occur due to genetic linkage on the same chromosome (discovered by T.H. Morgan in Drosophila).,NEET Trap: The Law of Segregation has NO exceptions (universal). The Law of Independent Assortment does NOT hold when genes are linked on the same chromosome (shows parental phenotypes higher than 50%).,Which of Mendel's laws is considered universal without any known biological exceptions?,Law of Dominance|Law of Independent Assortment|Law of Segregation (Purity of Gametes)|Law of Unit Characters,2,"The Law of Segregation (purity of gametes) is universal because alleles cleanly separate during meiosis without blending, unlike dominance (incomplete dominance) and independent assortment (linkage)."
BIO-C28-01,c25,Molecular Basis of Inheritance,DNA Replication,Semi-Conservative DNA Replication,"Semi-conservative DNA replication is the process by which DNA duplicates, producing two daughter double helices each containing one intact parental strand and one freshly synthesized complementary strand, proved experimentally by Meselson and Stahl using 15N.","Step 1: Helicase unwinds double helix at origin of replication (Ori); Topoisomerase relieves supercoiling strain -> Step 2: Single-Stranded Binding Proteins (SSBs) stabilize template strands -> Step 3: Primase synthesizes short RNA primers -> Step 4: DNA Polymerase III extends new strand 5' to 3': continuous on leading strand, discontinuous Okazaki fragments on lagging strand -> Step 5: DNA Ligase joins Okazaki fragments.","NEET Trap: DNA polymerase can only synthesize in the 5' -> 3' direction. The template strand read by DNA polymerase runs 3' -> 5'. RNA primers are removed and gaps filled by DNA Polymerase I, and phosphodiester bonds are sealed by DNA ligase.",Meselson and Stahl confirmed the semi-conservative nature of DNA replication in E. coli using which isotope?,32P and 35S radioactive isotopes|15N heavy nitrogen isotope and 14N normal isotope|14C radioactive isotope|3H Thymidine isotope,1,Meselson and Stahl grew E. coli in 15N (heavy non-radioactive nitrogen isotope) and followed density shift in CsCl gradient with 14N.
BIO-C28-02,c25,Molecular Basis of Inheritance,Gene Expression,Lac Operon Regulation,"The lac operon of E. coli is an inducible polycistronic transcriptional unit controlled by a repressor protein, encoding enzymes (beta-galactosidase, permease, transacetylase) required for lactose catabolism when lactose is present and glucose is absent.","Step 1: The regulator gene (i) constitutively expresses the Lac repressor protein -> Step 2: In absence of lactose (inducer), repressor binds to the Operator (O) region, blocking RNA polymerase -> Step 3: When lactose/allolactose enters via permease, it binds repressor causing conformational change -> Step 4: Inactive repressor detaches from operator -> Step 5: RNA polymerase transcribes lacZ, lacY, and lacA polycistronic mRNA -> Step 6: Lactose is metabolized into glucose and galactose.","NEET Trap: The repressor protein is constitutively synthesized all the time. The actual physiological inducer is allolactose (not lactose directly). Lac operon regulation is predominantly negative (repressor control), but also involves positive control via cAMP-CAP complex.","In the regulation of the lac operon, what direct effect does the inducer (allolactose) have?","Binds to RNA polymerase to activate transcription|Binds to the operator region to open chromatin|Binds to the repressor protein, causing it to release from the operator|Hydrolyzes the lacZ mRNA directly",2,"Allolactose acts as an inducer by binding to the lac repressor, altering its conformation so it can no longer bind the operator, allowing transcription."
BIO-C33-01,c29,Biotechnology: Principles and Processes,Recombinant DNA Technology,Restriction Endonucleases and Gel Electrophoresis,"Restriction endonucleases (molecular scissors) recognize and cleave specific palindromic DNA sequences, producing sticky or blunt ends used to construct recombinant DNA plasmids that are analyzed by agarose gel electrophoresis.",Step 1: Identify 4-8 bp palindromic target (e.g. EcoRI recognizes 5'-GAATTC-3') -> Step 2: Restriction enzyme hydrolyzes phosphodiester bonds between specific nucleotides on both strands -> Step 3: Leaves single-stranded overhangs (sticky ends) -> Step 4: Target gene and vector cut with same enzyme are joined by DNA ligase -> Step 5: Agarose gel electrophoresis separates DNA fragments by size (DNA moves toward anode due to negative phosphate charge).,"NEET Trap: EcoRI cuts between G and A in the palindromic sequence 5'-GAATTC-3'. In agarose gel electrophoresis, smaller fragments migrate faster and farther toward the positive anode. Ethidium bromide staining under UV light makes DNA bands visible as bright orange.","In agarose gel electrophoresis, why does DNA migrate toward the positive electrode (anode)?",Because DNA has positively charged histone proteins|Because DNA possesses a negatively charged phosphate backbone|Because agarose gel creates a magnetic suction force|Because DNA has neutral nitrogenous bases,1,"The phosphate groups in the sugar-phosphate backbone impart an overall negative charge to DNA, causing fragments to migrate toward the positive anode."
BIO-C34-01,c30,Biotechnology and Its Applications,Agricultural Biotechnology,Bt Cotton and Cry Proteins,Bt cotton is a genetically modified pest-resistant crop containing cry genes from the soil bacterium Bacillus thuringiensis that produce inactive protoxin crystals which become active insecticidal toxins in the alkaline gut of bollworms.,"Step 1: Bacillus thuringiensis produces crystalline protein (Bt toxin) during sporulation -> Step 2: Toxin exists as an inactive protoxin in bacterium (does not harm the bacterium) -> Step 3: When ingested by insect larvae, the alkaline pH of the midgut solubilizes crystals -> Step 4: Midgut proteases cleave protoxin into active toxin -> Step 5: Active toxin binds to epithelial cells of midgut, creating pores that cause cell lysis and death.","NEET Trap: Bt toxin does NOT kill the bacterium because it exists as an inactive protoxin. It only activates inside the insect gut due to the alkaline pH. CryIAc and CryIIAb control cotton bollworms, while CryIAb controls corn borer.",Why does the Bt insecticidal crystal protein not harm the bacterium Bacillus thuringiensis itself?,The bacterium produces an antibody that neutralizes the toxin|The toxin exists as an inactive protoxin requiring alkaline pH of insect gut for activation|The bacterial cell membrane is impenetrable to protein toxins|The toxin is only synthesized when insects are physically present,1,Bt toxin is synthesized as an inactive protoxin crystal; it requires the alkaline pH of the insect midgut to dissolve and convert into its active toxic form.
BIO-C36-01,c32,Ecosystem,Ecological Energetics,10 Percent Law of Energy Flow,"Lindeman's 10% Law states that during the transfer of organic food energy from one trophic level to the next higher level, only about 10% of the energy is stored as flesh and available to the next carnivore, while 90% is lost as metabolic heat and respiration.",Step 1: Primary producers capture ~1-2% of Incident Solar Radiation (or 2-10% of PAR) into Gross Primary Productivity (GPP) -> Step 2: Primary consumers (herbivores) ingest plants; 10% of energy assimilated becomes secondary biomass -> Step 3: Secondary consumers assimilate 10% of herbivore energy -> Step 4: Tertiary consumers receive 10% of carnivore energy -> Result: Energy pyramids are always upright and trophic chains rarely exceed 4-5 levels.,"NEET Trap: The pyramid of energy is ALWAYS upright without any exception in any ecosystem. In contrast, the pyramid of biomass can be inverted in aquatic ecosystems (standing crop of phytoplankton is small compared to zooplankton/fishes).","If 20,000 J of energy is trapped by producers at the first trophic level, how much energy will be available to secondary consumers according to the 10% law?","20,000 J|2,000 J|200 J|20 J",2,"Producers (20,000 J) -> Primary Consumers / Herbivores (10% = 2,000 J) -> Secondary Consumers / Carnivores (10% of 2,000 J = 200 J)."
BIO-C21-01,c19,Neural Control and Coordination,Central Nervous System - Human Brain,Brain Anatomy: White Matter vs Grey Matter,"In the human brain, the inner cerebral medulla appears white (termed White Matter) because it is composed of bundles of nerve fiber axons encased in thick, insulating myelin sheaths. The myelin sheath is rich in lipids (fats like sphingomyelin and cholesterol), which scatter and reflect light to produce an opaque, glistening white color. In contrast, the outer cerebral cortex appears grey (Grey Matter) because it contains concentrated unmyelinated neuron cell bodies, dendrites, and glial cells.","Step 1: Neurodevelopment & Myelination: Oligodendrocytes in the central nervous system wrap their membranes tightly around axon pathways -> Step 2: Lipid Insulation: The resulting myelin sheath consists of 70-80% lipids, creating an electrical barrier that speeds up nerve impulse transmission (saltatory conduction) -> Step 3: Light Reflection: The high lipid density in deep cerebral tracts scatters light, creating the characteristic white appearance -> Step 4: Spatial Organization: In the cerebrum, grey matter is on the outer surface (cortex) while white matter forms the inner medulla, interconnected across hemispheres via the myelinated Corpus Callosum.","NEET Trap: The anatomical arrangement is REVERSED between the Brain and Spinal Cord! In the Brain, Grey matter is on the OUTSIDE (cortex) and White matter is on the INSIDE (medulla). In the Spinal Cord, White matter is on the OUTSIDE and Grey matter is on the INSIDE (butterfly-shaped core). Also, Corpus Callosum is the largest tract of white matter myelinated fibers connecting left and right hemispheres.",Why does the inner region (medulla) of the human cerebral hemisphere appear white in color?,Due to high concentration of cerebrospinal fluid|Due to presence of myelinated nerve fibers rich in lipids|Due to absence of blood capillaries in inner tissue|Due to accumulation of calcium phosphate crystals,1,The inner medulla of the cerebrum appears white (White Matter) because it consists of axon tracts wrapped in lipid-rich myelin sheaths that reflect light.
KAG-SAM-020,c13,Plant Growth and Development,Plant Growth Regulators,Which plant hormone is primarily responsible for apical dominance and promo...,Auxins like IAA and IBA synthesized at shoot apices inhibit lateral bud growth (apical dominance) and induce rooting in stem cuttings. Removing shoot apex (decapitation) enables bushy growth.,Step 1: Initiation and biological foundation of Which plant hormone is primarily responsible for apical dominance and promo... -> Step 2: Cellular and biochemical execution -> Step 3: Physiological outcome and regulation.,"NEET Trap: Pay close attention to exception cases, exact numerical ratios, and terminology variations in Which plant hormone is primarily responsible for apical dominance and promo... as per NCERT.",Which plant hormone is primarily responsible for apical dominance and promoting root initiation in stem cuttings?,Auxin (Indole-3-acetic acid)|Gibberellins (GA3)|Cytokinins (Zeatin)|Abscisic acid (ABA),0,Auxins like IAA and IBA synthesized at shoot apices inhibit lateral bud growth (apical dominance) and induce rooting in stem cuttings. Removing shoot apex (decapitation) enables bushy growth.
KAG-SAM-021,c27,Human Health and Disease,Immunity and Antibodies,Which immunoglobulin class is the only antibody capable of crossing the hum...,IgG is the most abundant immunoglobulin in serum (approx 75-80%) and the only antibody class capable of crossing the placenta to protect the developing fetus. Colostrum contains secretory IgA.,Step 1: Initiation and biological foundation of Which immunoglobulin class is the only antibody capable of crossing the hum... -> Step 2: Cellular and biochemical execution -> Step 3: Physiological outcome and regulation.,"NEET Trap: Pay close attention to exception cases, exact numerical ratios, and terminology variations in Which immunoglobulin class is the only antibody capable of crossing the hum... as per NCERT.",Which immunoglobulin class is the only antibody capable of crossing the human placenta to provide passive immunity to the fetus?,IgA|IgM|IgG|IgE,2,IgG is the most abundant immunoglobulin in serum (approx 75-80%) and the only antibody class capable of crossing the placenta to protect the developing fetus. Colostrum contains secretory IgA.
KAG-SAM-022,c22,Human Reproduction,Menstrual Cycle and Ovulation,During which phase of the human menstrual cycle does the LH surge occur tha...,A rapid surge of Luteinizing Hormone (LH surge) around mid-cycle (day 14 of 28-day cycle) induces rupture of the mature Graafian follicle and release of the secondary oocyte (ovulation).,Step 1: Initiation and biological foundation of During which phase of the human menstrual cycle does the LH surge occur tha... -> Step 2: Cellular and biochemical execution -> Step 3: Physiological outcome and regulation.,"NEET Trap: Pay close attention to exception cases, exact numerical ratios, and terminology variations in During which phase of the human menstrual cycle does the LH surge occur tha... as per NCERT.",During which phase of the human menstrual cycle does the LH surge occur that induces ovulation?,Luteal / Secretory phase|Follicular / Proliferative phase|Day 14 (Mid-cycle between follicular and luteal)|Menstrual bleeding phase,2,A rapid surge of Luteinizing Hormone (LH surge) around mid-cycle (day 14 of 28-day cycle) induces rupture of the mature Graafian follicle and release of the secondary oocyte (ovulation).
KAG-SAM-023,c17,Excretory Products and Elimination,Renin-Angiotensin-Aldosterone System,Which hormone is secreted by the juxtaglomerular cells of the kidney in res...,"A fall in glomerular blood flow / GFR stimulates juxtaglomerular (JG) cells to release the enzyme Renin, which converts angiotensinogen to Angiotensin I, initiating the RAAS mechanism.",Step 1: Initiation and biological foundation of Which hormone is secreted by the juxtaglomerular cells of the kidney in res... -> Step 2: Cellular and biochemical execution -> Step 3: Physiological outcome and regulation.,"NEET Trap: Pay close attention to exception cases, exact numerical ratios, and terminology variations in Which hormone is secreted by the juxtaglomerular cells of the kidney in res... as per NCERT.",Which hormone is secreted by the juxtaglomerular cells of the kidney in response to low blood pressure to activate the RAAS pathway?,Erythropoietin|Renin|Aldosterone|Atrial Natriuretic Peptide (ANP),1,"A fall in glomerular blood flow / GFR stimulates juxtaglomerular (JG) cells to release the enzyme Renin, which converts angiotensinogen to Angiotensin I, initiating the RAAS mechanism."
KAG-SAM-024,c31,Organisms and Populations,Population Interactions,What type of ecological interaction is exemplified by mycorrhizae between f...,"Mycorrhizae is an obligate mutualistic relationship where the fungus absorbs essential minerals (especially phosphorus) from soil for the plant, and the plant provides energy-rich carbohydrates.",Step 1: Initiation and biological foundation of What type of ecological interaction is exemplified by mycorrhizae between f... -> Step 2: Cellular and biochemical execution -> Step 3: Physiological outcome and regulation.,"NEET Trap: Pay close attention to exception cases, exact numerical ratios, and terminology variations in What type of ecological interaction is exemplified by mycorrhizae between f... as per NCERT.",What type of ecological interaction is exemplified by mycorrhizae between fungi and roots of higher plants?,Amensalism|Commensalism|Mutualism|Parasitism,2,"Mycorrhizae is an obligate mutualistic relationship where the fungus absorbs essential minerals (especially phosphorus) from soil for the plant, and the plant provides energy-rich carbohydrates."
KAG-SAM-025,c20,Chemical Coordination and Integration,Endocrine Glands and Hormones,Which cells of the Pancreas are endocrine cells responsible for secreting G...,"The Islets of Langerhans constitute the endocrine pancreas: Alpha cells secrete Glucagon (hyperglycemic peptide), while Beta cells secrete Insulin (hypoglycemic peptide promoting glucose uptake).",Step 1: Initiation and biological foundation of Which cells of the Pancreas are endocrine cells responsible for secreting G... -> Step 2: Cellular and biochemical execution -> Step 3: Physiological outcome and regulation.,"NEET Trap: Pay close attention to exception cases, exact numerical ratios, and terminology variations in Which cells of the Pancreas are endocrine cells responsible for secreting G... as per NCERT.",Which cells of the Pancreas are endocrine cells responsible for secreting Glucagon and Insulin?,Acinar exocrine cells|Islets of Langerhans (Alpha and Beta cells)|Chief cells and Parietal cells|Kupffer cells,1,"The Islets of Langerhans constitute the endocrine pancreas: Alpha cells secrete Glucagon (hyperglycemic peptide), while Beta cells secrete Insulin (hypoglycemic peptide promoting glucose uptake)."
BIO-C18-03,c16,Body Fluids and Circulation,Blood & Formed Elements,"Blood Composition, Formed Elements, ABO Groups & Coagulation","Blood is a specialized fluid connective tissue consisting of a fluid matrix, plasma (55%), and formed elements (45%: Erythrocytes/RBCs, Leukocytes/WBCs, and Thrombocytes/Platelets). Blood maintains physiological homeostasis, oxygen/nutrient transport, immune defense, and hemostasis. RBCs (erythrocytes) have a biconcave, enucleated disc shape with a 120-day lifespan, after which they are broken down in the spleen, known as the graveyard of RBCs.","Step 1: Plasma Composition: 90-92% water, 6-8% plasma proteins (Fibrinogen for clotting, Globulins for defense/antibodies, Albumins for osmotic balance) -> Step 2: Formed Elements: Erythrocytes (5-5.5 million/mm3, biconcave, enucleated in mammals, 12-16g Hb/100mL, 120 days lifespan, destroyed in spleen 'graveyard of RBCs') -> Step 3: Leukocytes (6000-8000/mm3): Granulocytes (Neutrophils 60-65% phagocytic, Eosinophils 2-3% allergic, Basophils 0.5-1% histamine/heparin/serotonin) and Agranulocytes (Lymphocytes 20-25% B & T cells, Monocytes 6-8% phagocytic) -> Step 4: Platelets (150,000-350,000/mm3): Cell fragments from megakaryocytes in bone marrow releasing thromboplastin -> Step 5: Blood Coagulation Cascade: Injured tissue/platelets release Thrombokinase (thromboplastin) -> Prothrombin converts to active Thrombin (in presence of Ca2+) -> Thrombin converts soluble Fibrinogen into insoluble Fibrin meshwork trapping formed elements -> Clot (coagulum) forms.","NEET Trap: Universal Donor is O negative (O-), NOT O positive, because O- lacks A, B, and Rh antigens. Universal Recipient is AB positive (AB+). Erythroblastosis foetalis occurs when Rh- mother carries Rh+ fetus during second pregnancy (prevented by giving anti-Rh antibodies / RhoGAM). Serum = Plasma MINUS clotting factors. Calcium ions (Ca2+) play a key essential role in blood clotting. Spleen is the graveyard of RBCs and acts as a reservoir of erythrocytes.","Which of the following plasma proteins is primarily involved in the coagulation of blood, and which mineral ion is essential for this cascade?",Albumin and Magnesium (Mg2+)|Fibrinogen and Calcium (Ca2+)|Globulin and Iron (Fe2+)|Heparin and Potassium (K+),1,"Fibrinogen is the key plasma protein converted to insoluble fibrin meshwork during blood clotting, and Calcium ions (Ca2+) are essential cofactors for the entire coagulation cascade."
BIO-C17-01,c15,Breathing and Exchange of Gases,Respiratory System & Gas Transport,"Mechanism of Breathing, Gas Exchange & Oxygen Dissociation Curve",Breathing involves inspiration (active process mediated by diaphragm and external intercostal contraction) and expiration (passive process). Gas exchange occurs across the thin alveolo-capillary membrane by simple diffusion driven by partial pressure gradients (pO2 and pCO2).,"Step 1: Inspiration: Diaphragm contracts (flattens) and external intercostal muscles lift ribs/sternum, increasing thoracic volume and decreasing intra-pulmonary pressure below atmospheric (-1 mmHg) -> Step 2: Alveolar Diffusion: pO2 in alveoli (104 mmHg) is higher than in deoxygenated blood (40 mmHg), diffusing O2 into pulmonary capillaries -> Step 3: Oxygen Transport: 97% transported bound to Hemoglobin as Oxyhemoglobin (each Hb carries up to 4 O2 molecules); 3% dissolved in plasma -> Step 4: CO2 Transport: 70% as Bicarbonate ions (HCO3-) mediated by Carbonic Anhydrase, 20-25% as Carbamino-hemoglobin, 7% dissolved in plasma -> Step 5: Oxygen-Hemoglobin Dissociation Curve (Sigmoid curve): High pO2 and low pCO2 shift curve LEFT in lungs; High pCO2, high H+ (low pH), high temperature shift curve RIGHT in tissues (Bohr effect, promoting O2 release).","NEET Trap: Respiratory rhythm center is in Medulla Oblongata; Pneumotaxic center is in Pons (moderates rhythm and reduces duration of inspiration). Chemosensitive area is sensitive to CO2 and H+ ions, NOT oxygen! Oxygen plays an insignificant role in the regular neural regulation of respiratory rhythm.","Under which of the following conditions does the oxygen-hemoglobin dissociation curve shift to the right, facilitating the release of oxygen to tissues?","Low pCO2 and high pH|High pO2 and low temperature|High pCO2, high H+ concentration (low pH), and high temperature|High pO2 and low pCO2",2,"A shift of the sigmoid curve to the right (Bohr effect) occurs in tissues due to high pCO2, high H+ (acidity), and elevated temperature, which decreases Hb affinity for O2 and delivers oxygen to active cells."
BIO-C22-01,c20,Chemical Coordination and Integration,Endocrine System & Hormones,"Human Endocrine Glands, Hormone Classification and Mechanism of Action",Hormones are non-nutrient chemical messengers produced in trace amounts by ductless endocrine glands that act on distant target cells through specific intracellular or membrane-bound receptors.,"Step 1: Peptide/Protein Hormones (Insulin, Glucagon, Pituitary hormones, Epinephrine): Water-soluble, cannot cross lipid bilayer -> Bind cell-surface membrane receptors -> Generate second messengers (cAMP, IP3, Ca2+) -> Trigger intracellular biochemical cascades -> Step 2: Steroid/Thyroid Hormones (Estrogen, Progesterone, Testosterone, Cortisol, Iodothyronines): Lipid-soluble, cross membrane -> Bind intracellular receptors in cytoplasm/nucleus -> Hormone-receptor complex interacts with genome -> Regulate gene expression and protein synthesis.",NEET Trap: Neurohypophysis (posterior pituitary / Pars nervosa) does NOT synthesize hormones! It only stores and releases Oxytocin and Vasopressin (ADH) synthesized by the Hypothalamus. Insulin is hypoglycemic (lowers blood sugar); Glucagon is hyperglycemic (raises blood sugar).,Which of the following hormones interacts with intracellular receptors to regulate gene expression directly?,Insulin|Epinephrine|Glucagon|Estrogen,3,Estrogen is a lipid-soluble steroid hormone that easily diffuses across the cell membrane and binds to intracellular receptors to directly alter gene transcription in the nucleus.
BIO-C20-01,c18,Locomotion and Movement,Skeletal System & Bones,"Human Skeletal System: 206 Bones, Axial vs Appendicular Skeleton & Joints","The human skeletal system comprises 206 bones and a few cartilages divided into the Axial Skeleton (80 bones along main body axis) and Appendicular Skeleton (126 bones forming limbs and girdles). Bone has a hard, non-pliable matrix rich in calcium salts and collagen fibers, while cartilage has a slightly pliable chondroitin matrix.","Step 1: Axial Skeleton (80 bones): Skull (22 bones: 8 cranial + 14 facial; plus 1 U-shaped hyoid bone at floor of buccal cavity and 6 ear ossicles Malleus/Incus/Stapes) -> Vertebral Column (26 vertebrae: 7 Cervical, 12 Thoracic, 5 Lumbar, 1 Sacral fused, 1 Coccygeal fused) -> Sternum (1 flat breastbone) -> Ribs (12 pairs: 1st to 7th True ribs attached to sternum via hyaline cartilage, 8th-10th False/vertebrochondral ribs attached to 7th rib, 11th & 12th Floating ribs not attached ventrally) -> Step 2: Appendicular Skeleton (126 bones): Forelimbs (30 x 2 = 60: Humerus, Radius, Ulna, 8 Carpals, 5 Metacarpals, 14 Phalanges) -> Hindlimbs (30 x 2 = 60: Femur longest bone, Patella kneecap, Tibia, Fibula, 7 Tarsals, 5 Metatarsals, 14 Phalanges) -> Pectoral Girdle (4 bones: 2 Clavicles collar bones + 2 Scapulae with glenoid cavity and acromion process) -> Pelvic Girdle (2 Coxal bones formed by fusion of Ilium, Ischium, and Pubis meeting at Acetabulum socket) -> Step 3: Types of Joints: Fibrous joints (synarthroses: immovable sutures between flat skull bones) -> Cartilaginous joints (amphiarthroses: slightly movable, between adjacent vertebrae and pubic symphysis) -> Synovial joints (diarthroses: characterized by fluid-filled synovial cavity, highly movable).","NEET Trap: Ball and socket joint is between humerus and glenoid cavity of pectoral girdle, and between femur and acetabulum of pelvic girdle. Hinge joint is knee and elbow joint. Pivot joint is between Atlas (C1) and Axis (C2) cervical vertebrae. Gliding joint is between carpals. Saddle joint is between carpal and metacarpal of the human thumb! Osteoporosis is an age-related disorder characterized by decreased bone mass and increased fracture risk, commonly caused by decreased estrogen levels in menopausal females. Gout is inflammation of joints caused by accumulation of uric acid crystals.","Between which two bones is the saddle joint found in the human skeletal system, and which joint exists between the Atlas and Axis vertebrae?",Between Carpals (gliding); between Femur and Acetabulum (ball and socket)|Between Carpal and Metacarpal of thumb (saddle); between Atlas and Axis (pivot joint)|Between Humerus and Pectoral girdle (saddle); between Skull bones (fibrous)|Between adjacent vertebrae (cartilaginous); between Knee joint (hinge),1,"A saddle joint is uniquely present between the carpal and metacarpal of the thumb, allowing opposable thumb dexterity, while a pivot joint exists between the first two cervical vertebrae (Atlas C1 and Axis C2) enabling rotational head movement."
BIO-C20-02,c18,Locomotion and Movement,Muscle Contraction & Sliding Filament Theory,Mechanism of Muscle Contraction: Sliding Filament Theory and Sarcomere Structure,"The functional anatomical unit of muscle contraction is the Sarcomere, the region between two successive Z-lines. Muscle contraction occurs according to the Sliding Filament Theory, where thin actin filaments slide inward past thick myosin filaments, shortening the sarcomere without changing individual filament lengths.","Step 1: Neuromuscular Transmission: Action potential arrives at motor end plate -> Acetylcholine (ACh) release depolarizes sarcolemma -> Action potential spreads through T-tubules into Sarcoplasmic Reticulum -> Step 2: Calcium Ion Release: Massive release of Ca2+ ions into sarcoplasm -> Ca2+ binds to Troponin C on thin actin filament -> Conformational change unmasks the active myosin-binding sites on actin (pulling tropomyosin aside) -> Step 3: Cross-Bridge Formation: Myosin head with bound ADP and Pi binds active site on actin -> Step 4: Power Stroke: Myosin head pivots and pulls actin toward center of A-band -> ADP and Pi are released -> Sarcomere shortens (I-band reduces, H-zone disappears, A-band length remains CONSTANT) -> Step 5: Cross-Bridge Detachment: Fresh ATP binds myosin head -> Myosin detaches -> Myosin ATPase hydrolyzes ATP to ADP + Pi -> Re-cocks head for next cycle -> Step 6: Relaxation: Active pumping of Ca2+ back into sarcoplasmic reticulum -> Troponin-tropomyosin complex masks actin sites again.","NEET Trap: During contraction, the A-band length NEVER changes! Only the I-band and H-zone shorten and disappear. Red muscle fibers (slow twitch) have high myoglobin, abundant mitochondria, and rely on aerobic respiration (fatigue resistant). White muscle fibers (fast twitch) have less myoglobin, abundant sarcoplasmic reticulum, few mitochondria, and rely on anaerobic glycolysis (fatigue quickly with lactic acid buildup). Rigor mortis occurs after death because lack of ATP prevents myosin from detaching from actin.","During the contraction of a skeletal muscle sarcomere according to the sliding filament theory, which of the following bands/zones remains constant in length?",H-zone only|I-band only|A-band|Both I-band and H-zone,2,"During muscle contraction, the length of the thick myosin filaments (represented by the A-band) remains completely constant; only the I-bands shorten and the central H-zone disappears as thin actin filaments slide over thick filaments toward the M-line."
BIO-C16-01,c14,Digestion and Absorption,Digestive System & Digestive Enzymes,"Human Digestive System: Gastrointestinal Secretions, Enzymes & Absorption","Digestion is the mechanical and biochemical breakdown of complex food macromolecules into simpler absorbable forms along the alimentary canal, facilitated by specialized digestive juices from salivary glands, gastric glands, liver, pancreas, and intestinal crypts of Lieberkuhn.","Step 1: Buccal Cavity: Salivary amylase (ptyalin, pH 6.8) hydrolyzes 30% of dietary starch into maltose; Lysozyme provides antibacterial defense -> Step 2: Stomach Secretions: Gastric glands contain Parietal/Oxyntic cells (secrete HCl pH 1.8 and Castle's Intrinsic Factor for Vitamin B12 absorption in ileum), Peptic/Chief cells (secrete inactive proenzyme Pepsinogen), and Mucous cells -> HCl activates pepsinogen to Pepsin, which cleaves proteins into proteoses and peptones -> Step 3: Pancreatic Juice (Alkaline pH 7.8): Enterokinase from intestinal mucosa activates Trypsinogen to active Trypsin -> Trypsin activates Chymotrypsinogen, Procarboxypeptidase, Pancreatic Amylase, Pancreatic Lipase (steapsin), and Nucleases -> Step 4: Liver & Bile: Bile contains bile salts (sodium glycocholate and taurocholate) and bile pigments (bilirubin/biliverdin) but NO ENZYMES -> Emulsifies large lipid globules into small micelles and activates lipases -> Step 5: Intestinal Juice (Succus Entericus): Brush border enzymes (maltase, lactase, sucrase, dipeptidases, lipases, nucleosidases) complete final digestion into monosaccharides, amino acids, and fatty acids -> Step 6: Absorption: Fatty acids and glycerol absorbed into Lacteals (lymph capillaries in villi) as chylomicrons.","NEET Trap: Bile contains NO digestive enzymes whatsoever, yet is critical for digestion because bile salts emulsify fats and activate lipases. Castle's intrinsic factor deficiency (due to parietal cell damage) leads to Pernicious Anemia due to failure of Vitamin B12 absorption in the terminal ileum. Kwashiorkor is pure protein deficiency with edema in children over 1 year; Marasmus is simultaneous protein AND calorie deficiency without edema in infants under 1 year.","Which specific cells of the gastric mucosa secrete Castle's Intrinsic Factor required for the absorption of Vitamin B12, and which inactive enzyme is activated by hydrochloric acid?",Chief cells; Trypsinogen|Parietal (Oxyntic) cells; Pepsinogen|Mucous neck cells; Amylase|Zymogen cells; Enterokinase,1,Parietal (also called oxyntic) cells secrete both concentrated Hydrochloric acid (HCl) and Castle's Intrinsic Factor (essential for cobalamin/vitamin B12 uptake in the ileum). HCl converts inactive pepsinogen into proteolytic pepsin.
BIO-C03-01,c22,Human Reproduction,Gametogenesis & Menstrual Cycle,"Human Reproduction: Spermatogenesis, Oogenesis, Menstrual Cycle & Fertilization","Human reproduction involves gametogenesis (spermatogenesis in testes and oogenesis in ovaries), copulation, internal fertilization in the ampullary-isthmic junction of the fallopian tube, blastocyst cleavage, and implantation in the uterine endometrium.","Step 1: Spermatogenesis: Spermatogonia (2n) -> Primary spermatocytes (meiosis I) -> Secondary spermatocytes (n) -> Spermatids (meiosis II) -> Spermiogenesis transforms round spermatids into spermatozoa -> Sertoli cells nourish developing sperm -> Leydig cells (interstitial cells) secrete testosterone under LH stimulation -> Step 2: Oogenesis: Initiated during embryonic fetal life -> Primary oocytes arrested in Diplotene of Prophase I inside primordial follicles -> At puberty, meiosis I completes producing secondary oocyte (n) and first polar body -> Secondary oocyte arrested at Metaphase II -> Meiosis II completes ONLY upon sperm entry -> Step 3: Menstrual Cycle (28 days): Menstrual phase (days 1-5, progesterone drop shedding endometrium) -> Follicular/Proliferative phase (days 6-13, FSH stimulates follicle maturation and estrogen thickens endometrium) -> Ovulatory phase (day 14, LH surge causes Graafian follicle rupture releasing secondary oocyte) -> Luteal/Secretory phase (days 15-28, ruptured follicle becomes Corpus Luteum secreting massive Progesterone) -> Step 4: Fertilization & Polyspermy Block: Acrosomal enzymes (hyaluronidase, acrosin) penetrate corona radiata and zona pellucida -> Sperm binding triggers cortical granule exocytosis, hardening zona pellucida (depolarization block and permanent slow block preventing polyspermy).","NEET Trap: Meiosis II of the human oocyte is completed only AFTER fertilization (upon sperm entry into ovum in the ampulla), releasing the second polar body. Corpus luteum is maintained by hCG secreted by the blastocyst trophoblast if pregnancy occurs; if no fertilization, it degenerates into Corpus Albicans. Colostrum (first milk after parturition) is rich in Secretory IgA antibodies providing passive natural immunity.",At which exact stage of meiotic cell division is the human secondary oocyte arrested until a sperm penetrates its zona pellucida during fertilization?,Prophase I (Diplotene)|Anaphase I|Metaphase II|Telophase II,2,"Human oogenesis initiates in embryonic life, with primary oocytes arrested in Prophase I (diplotene). After puberty, the secondary oocyte completes meiosis I and is arrested in Metaphase II, resuming and completing meiosis II only when a fertilizing sperm enters the egg."
BIO-C08-03,c27,Human Health and Disease,Immunity & Immunoglobulins,"Immune System: Innate vs Acquired Immunity, Antibody Structure & Immunoglobulin Classes","Immunity is the overall ability of the host organism to fight and resist pathogenic disease-causing organisms, divided into non-specific Innate Immunity (physical, physiological, cellular, and cytokine barriers) and pathogen-specific Acquired Immunity (characterized by memory, discrimination of self vs non-self, and clonal expansion).","Step 1: Innate Immunity Barriers: Physical (Skin, mucus coating of respiratory/GI tracts) -> Physiological (Stomach HCl, saliva/tear lysozyme) -> Cellular (Polymorphonuclear leukocytes/PMNL-neutrophils, monocytes, natural killer NK cells, macrophages) -> Cytokine (Interferons produced by virus-infected cells protecting uninfected neighbors) -> Step 2: Acquired Immunity Branches: Humoral / Antibody-Mediated Immunity (B-lymphocytes produce circulating immunoglobulins against extracellular pathogens) -> Cell-Mediated Immunity (CMI) (T-lymphocytes: Helper T-cells activate B-cells; Cytotoxic killer T-cells destroy virus-infected and cancer cells; responsible for graft/organ transplant rejection) -> Step 3: Antibody Structure (H2L2): Y-shaped glycoprotein composed of two identical heavy (H) chains and two identical light (L) chains joined by disulfide bonds -> Variable region (Fab) forms antigen-binding site (Paratope) matching pathogen Epitope -> Constant region (Fc) mediates effector functions -> Step 4: Immunoglobulin Classes (GAMED): IgG (most abundant 75-80%, monomer, ONLY antibody crossing placenta) -> IgA (secretory dimer with J-chain in colostrum, saliva, mucus) -> IgM (pentamer, largest, first antibody produced in primary response) -> IgE (monomer, binds mast cells/basophils triggering histamine release in allergic type I hypersensitivity) -> IgD (B-cell surface antigen receptor).","NEET Trap: Graft rejection in kidney or heart transplants is primarily mediated by Cell-Mediated Immunity (T-lymphocytes), which is why immunosuppressants like Cyclosporin A (from fungus Trichoderma polysporum) are required. Passive immunity is ready-made antibodies (e.g. anti-tetanus serum, anti-venom, colostrum IgA, placental IgG); Active immunity is when host's own body synthesizes antibodies following infection or vaccination.",Which specific branch of the human immune response is primarily responsible for the rejection of transplanted kidney or heart allografts?,Humoral immune response|Autoimmune response|Cell-mediated immune response|Innate physiological barrier response,2,Graft rejection following allogeneic organ transplantation is mediated by the Cell-Mediated Immune (CMI) response driven by T-lymphocytes that recognize non-self major histocompatibility complex (MHC) antigens on donor tissue.
BIO-C20-03,c18,Locomotion and Movement,Bone Composition & Color,"Why Bones Are White: Bone Matrix, Hydroxyapatite & Mineralization","Bones appear white or ivory-white because their hard, calcified extracellular matrix is densely packed with inorganic calcium phosphate crystals, specifically Hydroxyapatite [Ca10(PO4)6(OH)2], deposited onto a scaffolding of type-I collagen fibers. These dense mineral crystals scatter all visible wavelengths of light, producing an opaque white appearance.","Step 1: Organic Matrix Synthesis (Osteoid ~30%): Osteoblast cells secrete type-I collagen protein fibers and proteoglycans providing tensile strength -> Step 2: Inorganic Mineralization (~65-70%): Calcium and phosphate ions precipitate as Hydroxyapatite crystals [Ca10(PO4)6(OH)2] along the collagen fibers -> Step 3: Optical Light Scattering: The dense mineralized crystalline lattice reflects and scatters all incident visible light, producing the glistening white color of compact bone -> Step 4: Internal Color Contrast: The outer compact (cortical) bone is white, but the inner spongy bone contains Red Bone Marrow (red due to active erythropoiesis) and Yellow Bone Marrow (yellow due to adipocytes).","NEET Trap: Bone matrix is hard and non-pliable due to calcium salts (hydroxyapatite) and ossein protein, whereas cartilage matrix is slightly pliable due to chondroitin salts. In Vitamin D deficiency (Rickets in children, Osteomalacia in adults), bones fail to mineralize and become soft. Mammalian compact bone is uniquely characterized by longitudinal Haversian systems (osteons) linked by transverse Volkmann's canals.",What is the primary chemical form of calcium and phosphate in the mineralized matrix of human bone that imparts hardness and white opacity?,Calcium carbonate only|Hydroxyapatite [Ca10(PO4)6(OH)2]|Calcium oxalate|Chondroitin sulphate,1,"About 65-70% of human bone weight consists of inorganic mineral crystals termed Hydroxyapatite [Ca10(PO4)6(OH)2], which crystallizes along type-I collagen fibers to provide mechanical hardness and white opacity."
BIO-C18-04,c16,Body Fluids and Circulation,Blood Color & Hemoglobin,"Why Blood Is Red: Hemoglobin, Heme Structure & Oxygen Binding","Blood appears red because of Hemoglobin, an iron-containing chromoprotein respiratory pigment packed inside 5 to 5.5 million Red Blood Cells (Erythrocytes) per cubic millimeter of blood.",Step 1: Hemoglobin Structure: Composed of globin protein (2 alpha and 2 beta chains) and 4 non-protein Heme rings -> Step 2: Iron Coordination: Each heme contains an Fe2+ (ferrous) atom that reversibly binds one molecule of O2 -> Step 3: Color Variation: Oxygenated blood (Oxyhemoglobin in systemic arteries) absorbs purple-blue light and reflects bright scarlet red; Deoxygenated blood (Deoxyhemoglobin in systemic veins) reflects dark purplish-red.,"NEET Trap: Human hemoglobin contains Fe2+ (ferrous iron), NOT Fe3+ (ferric iron). If oxidized to Fe3+, it becomes Methemoglobin which cannot transport oxygen. Octopuses, squids, and crustaceans have blue blood due to hemocyanin (copper-based).",In which chemical oxidation state is iron present in functional human hemoglobin capable of binding oxygen?,Ferric (Fe3+)|Ferrous (Fe2+)|Elemental iron (Fe0)|Ferritin,1,Iron in normal functional hemoglobin must be maintained in the divalent ferrous state (Fe2+) to bind oxygen reversibly; oxidation to ferric (Fe3+) forms dysfunctional methemoglobin.
BIO-C14-02,c12,Respiration in Plants,Krebs Cycle & ETS,"Krebs Citric Acid Cycle, Mitochondrial Electron Transport System & Chemiosmosis","Aerobic respiration completes inside mitochondria through oxidative decarboxylation of pyruvate, the cyclical Tricarboxylic Acid (TCA) cycle in the matrix, and electron transport coupled with oxidative phosphorylation across the inner mitochondrial membrane.","Step 1: Link Reaction (Oxidative Decarboxylation): Pyruvate (3C) enters mitochondrial matrix -> Pyruvate Dehydrogenase complex converts it to Acetyl CoA (2C) + CO2 + NADH -> Step 2: Krebs TCA Cycle: Acetyl CoA (2C) condenses with Oxaloacetate OAA (4C) catalyzed by Citrate Synthase -> Citrate (6C) -> Isocitrate -> alpha-Ketoglutarate (5C, 1st CO2 + NADH) -> Succinyl CoA (4C, 2nd CO2 + NADH) -> Succinate (GTP/ATP formed via substrate-level phosphorylation) -> Fumarate (FADH2 formed by Succinate Dehydrogenase) -> Malate -> Oxaloacetate regenerated (NADH formed) -> Step 3: Electron Transport System (ETS): Complex I (NADH dehydrogenase) -> Ubiquinone -> Complex III (Cytochrome bc1) -> Cytochrome c (mobile carrier on outer surface of inner membrane) -> Complex IV (Cytochrome c oxidase with Cu centers and cytochromes a and a3) -> Final electron acceptor is molecular O2 (reduced to H2O) -> Step 4: Complex V (ATP Synthase): Protons pumped into intermembrane space flow back into matrix through F0 channel, driving F1 headpiece to synthesize ATP.","NEET Trap: 1 NADH generates 3 ATP (or 2.5 ATP modern), 1 FADH2 generates 2 ATP (or 1.5 ATP). Succinate Dehydrogenase (Complex II) is the ONLY TCA cycle enzyme located in the INNER MITOCHONDRIAL MEMBRANE, while all others are in the soluble matrix. Cyanide and Carbon Monoxide inhibit Complex IV (Cytochrome c oxidase), blocking aerobic respiration.",Which enzyme of the Krebs cycle is physically bound to the inner mitochondrial membrane rather than existing in the soluble matrix?,Citrate synthase|Isocitrate dehydrogenase|Succinate dehydrogenase|Malate dehydrogenase,2,"Succinate dehydrogenase (which also serves as Complex II of the respiratory chain) is tightly embedded in the inner mitochondrial membrane, converting succinate to fumarate."
BIO-C15-01,c13,Plant Growth and Development,Phytohormones & Growth Regulators,"Plant Growth Regulators: Auxins, Gibberellins, Cytokinins, Ethylene & Abscisic Acid","Plant growth regulators (PGRs) are small, simple organic chemical messengers divided into growth promoters (Auxins, Gibberellins, Cytokinins) and growth inhibitors/stress hormones (Abscisic Acid, Ethylene) that coordinate phototropism, apical dominance, fruit ripening, and senescence.","Step 1: Auxins (Indole-3-acetic acid IAA, NAA, 2,4-D): Produced in shoot tips -> Promotes apical dominance (inhibits lateral buds) -> Induces root initiation in stem cuttings -> Promotes parthenocarpy in tomatoes -> 2,4-D used as selective weedicide to eradicate broad-leaved dicot weeds -> Step 2: Gibberellins (GA3): Promotes stem bolting (internodal elongation in rosette plants like cabbage) -> Speeds up malting process in brewing industry -> Increases stalk length in grapes and sugarcane -> Step 3: Cytokinins (Kinetin, Zeatin): Promotes active cell division -> Overcomes apical dominance (stimulates lateral bud growth) -> Delays leaf senescence (Richmond-Lang effect by nutrient mobilization) -> Step 4: Ethylene (Gaseous hormone C2H4, Ethephon): Promotes horizontal seedling growth -> Accelerates fruit ripening in apples and tomatoes -> Promotes female flower formation in cucumbers -> Breaks seed and bud dormancy -> Step 5: Abscisic Acid (ABA / Stress Hormone): Induces stomatal closure under water stress/drought -> Promotes seed dormancy and leaf abscission -> Acts as general growth inhibitor antagonistic to Gibberellins.",NEET Trap: Auxin and Cytokinin ratio regulates organogenesis in tissue culture: High Auxin/Cytokinin promotes ROOT differentiation; High Cytokinin/Auxin promotes SHOOT differentiation. Ethylene is the ONLY gaseous phytohormone. ABA is called the 'Stress Hormone' and is antagonistic to GA (Gibberellin stimulates alpha-amylase in germinating barley; ABA inhibits it).,"Which plant growth regulator is sprayed on sugarcane crops to increase stem length, yielding up to 20 tonnes more per acre?",Auxin (IAA)|Gibberellin (GA3)|Abscisic Acid (ABA)|Zeatin,1,"Gibberellins (GA3) promote rapid internodal stem elongation; spraying them on sugarcane increases the sugar-storing stalk length, dramatically boosting crop yield."
BIO-C19-02,c17,Excretory Products and Elimination,Urine Color & Composition,"Why Human Excretion (Urine) Is Yellow: Urochrome Pigment, Bilirubin Metabolism & Urea","Normal human urine appears pale yellow to amber in color primarily due to Urochrome (also called urobilin), an endogenous pigment produced by the continuous metabolic breakdown of hemoglobin from senescent red blood cells in the liver, spleen, and intestinal tract.","Step 1: Erythrocyte Breakdown: Senescent RBCs (lifespan ~120 days) are phagocytosed by macrophages in the spleen and liver -> Step 2: Heme Catabolism: Heme oxygenase cleaves the iron-porphyrin ring, releasing iron (recycled) and generating Biliverdin (green pigment) -> Biliverdin reductase converts it into Bilirubin (yellow-orange pigment) -> Step 3: Hepatic Conjugation & Biliary Excretion: Liver hepatocytes conjugate bilirubin with glucuronic acid -> Secreted via bile into duodenum -> Step 4: Intestinal Microbial Transformation: Gut microflora reduce bilirubin into colorless Urobilinogen -> Part is oxidized to Stercobilin (brown pigment giving normal color to feces) -> Step 5: Enterohepatic Circulation & Renal Excretion: Around 15-20% of urobilinogen is reabsorbed into portal blood -> Filtered by renal glomeruli of nephrons -> Oxidized to Urochrome (Urobilin) -> Imparts characteristic pale yellow/amber color to excreted urine -> Step 6: Concentration Effect: When dehydrated, ADH increases water reabsorption in collecting ducts, concentrating urochrome and turning urine dark amber; when well-hydrated, urine is diluted to near-clear pale straw.","NEET Trap: Normal human urine is pale yellow due to UROCHROME, while normal feces is brown due to STERCOBILIN. Both pigments originate from hemoglobin breakdown. Urine pH is slightly acidic (~6.0). Normal daily urine volume is 1 to 1.5 liters, containing 25 to 30 grams of urea. Glycosuria (glucose in urine) and Ketonuria (ketone bodies) are diagnostic of Diabetes Mellitus. In Jaundice, excess conjugated/unconjugated bilirubin deposits in skin and sclera, turning them yellow.",What is the primary organic pigment responsible for the characteristic pale yellow color of normal human urine?,Bilirubin|Urochrome (Urobilin)|Stercobilin|Melanin,1,"Urochrome (urobilin), a biochemical breakdown end-product of heme from destroyed erythrocytes, is excreted by the kidneys and imparts the normal yellow coloration to urine."
BIO-C19-03,c17,Excretory Products and Elimination,Nephron Physiology & Counter-Current,"Nephron Function, Counter-Current Mechanism & Renin-Angiotensin-Aldosterone System (RAAS)","The nephron is the structural and functional unit of the human kidney (~1 million per kidney). Urine formation occurs through Ultrafiltration in the glomerulus, Selective Reabsorption along PCT and Loop of Henle, and Tubular Secretion, regulated by the Counter-Current Multiplier and the RAAS hormonal axis.","Step 1: Glomerular Ultrafiltration: Afferent arteriole has wider diameter than efferent arteriole, creating Net Filtration Pressure (~10 mmHg) -> Glomerular Filtration Rate (GFR) is ~125 mL/min (180 L/day) filtered across 3 layers: fenestrated endothelium, basement membrane, and podocyte slit pores -> Step 2: PCT Reabsorption: Proximal Convoluted Tubule reabsorbs 70-80% of water and electrolytes, and 100% of glucose and amino acids by active secondary transport -> Step 3: Henle's Loop & Counter-Current Multiplier: Descending limb is permeable to water but impermeable to electrolytes (filtrate becomes hypertonic, up to 1200 mOsm/L at hairpin tip); Ascending limb is impermeable to water but actively transports NaCl into medullary interstitium (filtrate becomes hypotonic ~200 mOsm/L) -> Step 4: Vasa Recta Counter-Current Exchanger: Hairpin capillary loops maintain the high medullary osmolarity gradient (300 to 1200 mOsm/L) -> Step 5: DCT & Collecting Duct Regulation: Aldosterone promotes Na+ reabsorption and K+ secretion; ADH (Vasopressin from posterior pituitary) inserts aquaporins in collecting ducts, concentrating urine up to 4x (1200 mOsm/L) -> Step 6: RAAS Feedback: Fall in glomerular blood flow/pressure stimulates Juxtaglomerular (JG) cells to secrete Renin -> Renin converts plasma Angiotensinogen to Angiotensin I -> ACE converts it to Angiotensin II (potent vasoconstrictor that stimulates adrenal cortex to release Aldosterone).","NEET Trap: ANF (Atrial Natriuretic Factor) secreted by heart atria causes vasodilation and opposes RAAS (acts as a check on RAAS). Podocytes are specialized epithelial cells of Bowman's capsule with foot processes creating filtration slits. Juxtamedullary nephrons (15-20%) have long loops of Henle dipping deep into the renal medulla, essential for concentrating urine.",Which hormone acts as an antagonistic check on the Renin-Angiotensin-Aldosterone System (RAAS) by causing vasodilation and promoting natriuresis?,Antidiuretic Hormone (ADH)|Atrial Natriuretic Factor (ANF)|Aldosterone|Parathyroid Hormone (PTH),1,"Atrial Natriuretic Factor (ANF) is secreted by the cardiac atrial wall in response to elevated blood pressure; it causes vasodilation and sodium excretion, directly inhibiting the RAAS pathway."
BIO-C18-05,c16,Body Fluids and Circulation,Cardiac Hemodynamics & Blood Pressure,Why Arteries Have Thick Elastic Walls & Why Veins Have Valves,"Blood vessels are anatomically adapted to their hemodynamic pressures: Arteries have thick, muscular, elastic walls with narrow lumens to withstand and maintain high pulsatile hydrostatic pressure generated by ventricular systole, while Veins have thin walls, wide lumens, and semilunar valves to facilitate low-pressure venous return and prevent backflow.","Step 1: Histological Layers (3 Tunics): Tunica intima (inner endothelium), Tunica media (middle layer of smooth muscle and elastic fibers), and Tunica externa (outer fibrous collagen connective tissue) -> Step 2: Arterial Adaptations: Systemic arteries receive blood directly from left ventricle at high pressure (~120 mmHg) -> Exceptionally thick Tunica Media with abundant elastic laminae allows radial expansion during systole and elastic recoil during diastole (Windkessel effect), maintaining continuous blood flow -> Step 3: Venous Adaptations: By the time blood reaches venules and veins, pressure drops to 5-10 mmHg -> Veins have thinner tunica media and wide, distensible lumens -> Step 4: Mechanism of Venous Valves: Skeletal muscle pump (contraction of limb muscles) compresses veins -> Pocket-like semilunar valves allow forward flow toward the right atrium but snap shut against gravity, preventing pooling and retrograde backflow.",NEET Trap: Tunica media is comparatively much thicker in arteries than in veins. Pulmonary Artery carries DEOXYGENATED blood from right ventricle to lungs; Pulmonary Vein carries OXYGENATED blood from lungs to left atrium. The Hepatic Portal System carries blood from intestine to liver before reaching systemic circulation.,Which histological layer of blood vessels is characteristically much thicker in systemic arteries compared to corresponding veins to withstand high systolic pressures?,Tunica intima|Tunica media|Tunica externa|Tunica adventitia,1,"The Tunica media, consisting of circular smooth muscle fibers and elastic connective tissue, is significantly thicker in arteries than in veins to endure high pulsatile hydrostatic pressures."
BIO-C09-01,c09,Biomolecules,Enzyme Kinetics & Inhibitors,"Enzyme Catalysis, Activation Energy & Competitive vs Non-Competitive Inhibition","Enzymes are biocatalysts (mostly tertiary/quaternary proteins with active site clefts, except catalytic RNA ribozymes) that accelerate chemical reactions by dramatically lowering the required Activation Energy without altering the overall free energy change (delta G).","Step 1: Substrate Binding: Substrate binds to complementary active site forming transient Enzyme-Substrate (ES) complex -> Step 2: Transition State Stabilization: Catalytic residues alter chemical bonds, lowering activation energy barrier -> Forms Enzyme-Product (EP) complex -> Product dissociates, regenerating free enzyme -> Step 3: Michaelis-Menten Kinetics: Vmax is maximum velocity; Km (Michaelis constant) is substrate concentration at half-maximal velocity (Vmax/2), inversely reflecting enzyme-substrate affinity -> Step 4: Competitive Inhibition: Inhibitor closely resembles substrate structure (molecular mimic) -> Competes for active site -> Km INCREASES (affinity appears lower), but Vmax remains UNCHANGED (can be overcome by excess substrate) -> Example: Malonate inhibits Succinate Dehydrogenase -> Step 5: Non-Competitive Inhibition: Inhibitor binds allosteric site -> Alters enzyme conformation -> Vmax DECREASES, while Km remains UNCHANGED.","NEET Trap: Malonate is the classic competitive inhibitor of Succinate Dehydrogenase (resembles succinate). Sulpha drugs competitively inhibit bacterial folic acid synthesis. Competitive inhibitor: Km increases, Vmax unchanged. Non-competitive inhibitor: Km unchanged, Vmax decreases. Ribozyme (23S rRNA in bacteria) is a non-protein catalytic enzyme.","In competitive enzyme inhibition, how are the Michaelis constant (Km) and maximum velocity (Vmax) affected?",Km increases and Vmax decreases|Km increases and Vmax remains unchanged|Km remains unchanged and Vmax decreases|Both Km and Vmax decrease,1,"A competitive inhibitor competes for the substrate-binding active site, raising the apparent Km (reducing affinity) while leaving Vmax unchanged because high substrate concentrations outcompete the inhibitor."
BIO-C05-02,c25,Molecular Basis of Inheritance,Central Dogma & Genetic Code,Central Dogma of Molecular Biology: Genetic Code Properties & Wobble Hypothesis,"The Central Dogma, proposed by Francis Crick, states that genetic information flows unidirectionally from DNA to RNA (Transcription) and from RNA to Protein (Translation). The genetic code consists of 64 triplet nucleotide codons specifying 20 standard amino acids.","Step 1: Triplet Codon Nature: 64 total codons (4^3) -> 61 sense codons code for amino acids -> 3 stop/nonsense codons (UAA Ochre, UAG Amber, UGA Opal) terminate translation -> Step 2: Key Properties of Genetic Code: Universal (e.g. UUU codes for Phenylalanine from bacteria to humans) -> Non-overlapping and Comma-less (read continuously 3 nucleotides at a time) -> Degenerate (most amino acids specified by more than one codon, e.g. Leucine by 6 codons) -> Unambiguous and Specific (one particular codon codes for only one amino acid) -> Step 3: Dual Function of AUG: Initiator codon coding for Methionine (Formyl-methionine in prokaryotes) -> Step 4: Crick's Wobble Hypothesis: The 3rd base of codon (at 3' end) and 1st base of anticodon (at 5' end) have non-standard base-pairing flexibility, allowing fewer tRNAs (~31) to decode all 61 sense codons.","NEET Trap: Central dogma reverse flow (RNA -> DNA) occurs in retroviruses (HIV, Rous sarcoma) catalyzed by Reverse Transcriptase (Teminism). Genetic code is degenerate because multiple codons code for the same amino acid, but NOT ambiguous because each codon specifies only one amino acid. Exceptions to universality exist in mitochondrial codons and some protozoans.",Which amino acid is uniquely coded by the dual-function start codon AUG in eukaryotic cytoplasmic translation?,Valine|Methionine|Tryptophan|Phenylalanine,1,AUG serves dual functions: it acts as the primary translation initiation codon and simultaneously codes for the sulfur-containing amino acid Methionine.
BIO-C05-03,c25,Molecular Basis of Inheritance,Gene Regulation & Operon,The Lac Operon: Negative & Inducible Gene Regulation in E. coli,"The Lac Operon, elucidated by Francois Jacob and Jacques Monod, is a polycistronic transcription unit in E. coli illustrating negative and inducible transcriptional control for lactose catabolism.","Step 1: Structural Genes: lacZ (codes for beta-galactosidase: hydrolyzes lactose into glucose + galactose), lacY (codes for beta-galactoside permease: increases membrane permeability to beta-galactosides), lacA (codes for beta-galactoside transacetylase) -> Step 2: Repressor Gene (lacI): Constitutively transcribed into repressor protein monomer -> Forms active homotetramer -> Step 3: Repressed State (Absence of Lactose): Active repressor binds tightly to the Operator (O) locus -> Sterically blocks RNA Polymerase from transcribing structural genes -> Basal transcription remains minimal -> Step 4: Induced State (Presence of Lactose / Allolactose): Allolactose binds allosteric site on repressor -> Conformational change inactivates repressor -> Inactive repressor detaches from operator -> RNA Polymerase transcribes polycistronic mRNA.","NEET Trap: The true physiological inducer of the lac operon is ALLOLACTOSE (an isomer formed by basal beta-galactosidase), not lactose itself. IPTG (isopropyl beta-D-thiogalactoside) is a gratuitous non-metabolizable inducer used in laboratory experiments. Regulation of lac operon by repressor is NEGATIVE regulation; catabolite repression by glucose/cAMP-CAP complex is POSITIVE regulation.",Which structural gene of the lac operon encodes beta-galactoside permease responsible for transporting lactose across the bacterial cell membrane?,lacZ|lacY|lacA|lacI,1,"In the lac operon, lacY encodes beta-galactoside permease, which increases cellular membrane permeability to allow lactose uptake into the bacterium."
BIO-C08-04,c27,Human Health and Disease,Infectious Diseases & Pathogens,"Malaria Life Cycle (Plasmodium), Typhoid (Widal Test) & Viral Pathogens","Infectious communicable diseases are caused by protozoan, bacterial, viral, fungal, and helminthic pathogens. Plasmodium requires two hosts (female Anopheles mosquito and human) to complete its complex digenetic lifecycle.","Step 1: Malarial Inoculation: Female Anopheles mosquito bites human, inoculating infectious Sporozoites with salivary secretions -> Step 2: Hepatic Schizogony: Sporozoites reach liver via bloodstream -> Reproduce asexually in hepatocytes -> Merozoites burst liver cells -> Step 3: Erythrocytic Cycle & Hemozoin Release: Merozoites infect RBCs -> Form trophozoite and schizont -> Rupture of RBCs releases toxic Hemozoin granules -> Hemozoin triggers recurring high fever with chills every 3-4 days -> Step 4: Gametocyte Formation: Sexual stages (male microgametocyte & female macrogametocyte) develop in human RBCs -> Step 5: Mosquito Gut Lifecycle: Ingested during mosquito blood meal -> Fertilization and zygote (ookinete) formation in mosquito stomach wall -> Oocyst produces thousands of sporozoites -> Migrate to mosquito salivary glands -> Step 6: Bacterial & Viral Diseases: Typhoid caused by Salmonella typhi (confirmed by Widal test, infects small intestine with intestinal perforation); Pneumonia by Streptococcus pneumoniae and Haemophilus influenzae (fluid accumulates in alveoli); Common cold caused by Rhinoviruses (infects nose and respiratory passage but NOT lungs).","NEET Trap: Hemozoin is the toxic crystalline pigment formed from digested hemoglobin that causes the classic chills and periodic high fever of malaria. Fertilization and sexual reproduction of Plasmodium occurs in the MOSQUITO GUT, while asexual reproduction occurs in humans (making mosquito the definitive/primary host). Widal test is diagnostic for Typhoid fever.",Which toxic byproduct released upon the rupture of human red blood cells is responsible for the recurring chills and high fever characteristic of malaria?,Interferon|Hemozoin|Hirudin|Histamine,1,"Plasmodium parasites digest hemoglobin within erythrocytes, converting the toxic free heme into insoluble crystalline Hemozoin; RBC lysis releases hemozoin into the bloodstream, triggering chills and paroxysms of fever."
BIO-C11-01,c29,Biotechnology: Principles and Processes,Recombinant DNA Tools & Vectors,"Tools of Recombinant DNA: Restriction Endonucleases, pBR322 Plasmid & Gel Electrophoresis","Recombinant DNA (rDNA) technology utilizes molecular tools: restriction enzymes (molecular scissors) that recognize palindromic sequences to generate sticky ends, cloning vectors (plasmids/bacteriophages) containing ori, selectable markers, and cloning sites, and gel electrophoresis for DNA fragment resolution.","Step 1: Restriction Endonucleases: Cleave phosphodiester bonds at specific 4-8 bp palindromic recognition sequences (e.g. EcoRI recognizes 5'-GAATTC-3', cleaving between G and A to produce 5' sticky ends) -> Step 2: Agarose Gel Electrophoresis: Negatively charged DNA fragments migrate toward positive anode under electric field -> Sieve effect of agarose separates fragments inversely proportional to log of molecular weight -> Stained with Ethidium Bromide (EtBr) and visualized under UV transilluminator as bright orange bands -> Elution recovers DNA from gel slice -> Step 3: Cloning Vector (pBR322): Origin of replication (ori determines copy number) -> Selectable markers (ampicillin resistance ampR and tetracycline resistance tetR genes) -> Insertional Inactivation: Inserting foreign DNA into BamHI site of tetR gene destroys tetracycline resistance, allowing recombinant selection (recombinants grow on ampicillin but die on tetracycline) -> Alternative: Blue-white selection via insertional inactivation of beta-galactosidase (lacZ).","NEET Trap: First discovered restriction endonuclease was Hind II (recognizes 6 bp sequence). DNA fragments are NEGATIVELY charged due to phosphate groups, hence migrate toward the ANODE (+) in gel electrophoresis. Ethidium bromide-stained DNA is visible ONLY under UV light as bright orange bands (invisible in ordinary white light). DNA ligase forms phosphodiester bonds between adjacent 3'-OH and 5'-phosphate ends.","During agarose gel electrophoresis, toward which electrode do DNA fragments migrate, and what dye-illumination combination reveals them as bright orange bands?",Cathode; Methylene blue under white light|Anode; Ethidium bromide under ultraviolet (UV) light|Anode; Acetocarmine under infrared light|Cathode; Giemsa stain under visible light,1,"Because of negative charges on phosphate backbones, DNA fragments migrate toward the positive anode; intercalated Ethidium Bromide fluorophores fluoresce bright orange when exposed to UV radiation."
BIO-C14-03,c32,Ecosystem,Energy Flow & Ecological Pyramids,Energy Flow in Ecosystems: 10% Lindeman's Law & Inverted Ecological Pyramids,"Energy flow through trophic levels is strictly unidirectional, obeying the Second Law of Thermodynamics and Raymond Lindeman's 10% Ecological Efficiency Law, where on average only ~10% of energy transferred to a trophic level is converted into new biomass available to the next level.","Step 1: Primary Productivity: Gross Primary Productivity (GPP) is total rate of organic matter synthesis by producers; Net Primary Productivity (NPP = GPP - R, where R is respiration loss) represents biomass available to herbivores -> Step 2: Trophic Transfer (10% Law): Solar radiation (PAR: Photosynthetically Active Radiation 400-700 nm ~50% of incident sunlight; plants capture only 2-10% of PAR) -> Primary Producers (1000 J) -> Primary Consumers/Herbivores (100 J) -> Secondary Consumers/Carnivores (10 J) -> Tertiary Consumers/Top Predators (1 J) -> Step 3: Pyramid of Energy: ALWAYS upright without exception, because energy is irreversibly dissipated as respiratory heat at each successive trophic step -> Step 4: Pyramid of Biomass: Usually upright on land; INVERTED in aquatic (marine/lake) ecosystems because a small standing biomass of phytoplankton with high turnover rate supports a much larger standing biomass of zooplankton and fish -> Step 5: Pyramid of Numbers: Upright in grasslands; INVERTED in tree/parasitic ecosystems (1 big oak tree supports hundreds of herbivorous insects and thousands of hyperparasites).",NEET Trap: The Pyramid of Energy is NEVER inverted in any natural ecosystem; it is always strictly upright. Pyramid of biomass in sea/ocean is INVERTED (biomass of fishes far exceeds phytoplankton). Decomposers (saprotrophs) are NOT given a distinct place in ecological pyramids despite playing a critical role in biogeochemical cycling.,Which type of ecological pyramid is ALWAYS upright without exception in all natural ecosystems?,Pyramid of numbers|Pyramid of biomass|Pyramid of energy|Both pyramid of biomass and numbers,2,"The Pyramid of Energy is universally upright because energy is lost as metabolic heat at every trophic step in compliance with thermodynamics, meaning energy content decreases monotonically at higher levels."
BIO-C13-04,c11,Photosynthesis in Higher Plants,Why Leaves Are Green & Chlorophyll Pigments,"Why Leaves Are Green: Chlorophyll a, Chlorophyll b, Chloroplasts & Light Absorption","Plant leaves appear green because leaf mesophyll cells are densely packed with chloroplasts containing the photosynthetic pigment Chlorophyll (principally Chlorophyll a and Chlorophyll b). Chlorophyll molecules strongly absorb blue (430-470 nm) and red (650-680 nm) wavelengths of the visible solar spectrum, while reflecting and transmitting green wavelengths (500-550 nm) back to our eyes.","Step 1: Chloroplast Pigment System: Paper chromatography of a green leaf extract separates four distinct pigment fractions: Chlorophyll a (bright or blue-green, reaction center), Chlorophyll b (yellow-green, antenna pigment), Carotenoids (yellow to yellow-orange), and Xanthophylls (yellow) -> Step 2: Molecular Architecture of Chlorophyll: Chlorophyll consists of an asymmetric porphyrin head (hydrophilic tetrapyrrole ring with a central coordinated divalent Magnesium Mg2+ ion) attached to an extended hydrophobic Phytol tail embedded in the thylakoid lipid bilayer -> Step 3: Photochemical Absorption: Photons in the blue (430 nm) and red (660 nm) bands excite outer valence electrons of the porphyrin ring to initiate the photochemical Z-scheme -> Step 4: Optical Transmission: Photons corresponding to green light (~500-550 nm) have energy levels that cannot be efficiently captured by the reaction centers; they are transmitted through and reflected off leaf tissue, producing the characteristic green color of living foliage -> Step 5: Photoprotection: Accessory carotenoids and xanthophylls absorb excess radiant energy and dissipate it as heat, shielding chlorophyll from photo-oxidative damage (solarization).","NEET Trap: Chlorophyll a is the universal primary photosynthetic pigment in all oxygen-evolving photosynthetic organisms. Magnesium (Mg2+) is the central mineral element of chlorophyll; severe magnesium deficiency causes Chlorosis (loss of chlorophyll and premature yellowing of older leaves). In autumn or senescence, chlorophyll degrades first, unmasking underlying yellow/orange Carotenoids and red Anthocyanins.","Which specific wavelengths of the visible spectrum are strongly absorbed by chlorophyll a and b during photosynthesis, and which wavelengths are reflected to give leaves their green color?",Absorbs green and yellow; reflects blue and red|Absorbs blue and red; reflects and transmits green|Absorbs ultraviolet and infrared; reflects green|Absorbs red only; reflects blue and green,1,"Chlorophyll pigments have absorption maxima in the blue (430-470 nm) and red (650-680 nm) regions of the PAR spectrum, while reflecting green (500-550 nm) light."
BIO-C13-00,c11,Photosynthesis in Higher Plants,Overview of Photosynthesis: Light & Dark Reactions,Photosynthesis: Light Reactions (Photochemical Phase) & Dark Reactions (Biosynthetic Phase),"Photosynthesis is the essential physico-chemical process by which oxygenic photosynthetic organisms capture solar radiant energy to synthesize carbohydrates from carbon dioxide and water, releasing molecular oxygen as a byproduct: 6CO2 + 12H2O -> C6H12O6 + 6H2O + 6O2.","Step 1: Light Absorption by chlorophyll pigments in thylakoid photosystems (PS II and PS I) -> Step 2: Photolysis of Water at Oxygen Evolving Complex releasing electrons, protons, and O2 -> Step 3: Photophosphorylation generating high-energy assimilatory power (ATP and NADPH) -> Step 4: Biosynthetic Phase (Calvin Cycle) in stroma utilizing ATP and NADPH to reduce CO2 into triose phosphates and glucose.","NEET Trap: Photosynthesis is an anabolic, endergonic, and oxidation-reduction process (water is oxidized to O2, and CO2 is reduced to carbohydrate). The O2 evolved comes from water (H2O), NOT from carbon dioxide (CO2), as proved by Cornelius van Niel and Ruben-Kamen using 18O isotope.",Which experiment confirmed that oxygen released during photosynthesis originates from water?,Cornelius van Niel purple bacteria|Ruben and Kamen 18O isotope experiment|Joseph Priestley bell jar experiment|Julius von Sachs starch experiment,1,"Ruben, Kamen and Randall used heavy oxygen isotope 18O (H2 18O) to prove that oxygen evolved originates from photolysis of water."
BIO-C03-01,c03,Plant Kingdom,Algae,Algae Classification & Pigments,"Algae are chlorophyll-bearing, simple, thalloid, autotrophic and largely aquatic organisms. They are classified into Chlorophyceae (Green), Phaeophyceae (Brown), and Rhodophyceae (Red) primarily based on their pigment composition.","Step 1: Chlorophyceae contain chl a and b. Step 2: Phaeophyceae contain chl a, c, and fucoxanthin. Step 3: Rhodophyceae contain chl a, d, and phycoerythrin.","NEET Trap: Volvox is a colonial green alga, not unicellular like Chlamydomonas. Red algae have non-motile gametes.",Which pigment is responsible for the red colour of Rhodophyceae?,Phycocyanin|Fucoxanthin|Phycoerythrin|Chlorophyll b,2,Phycoerythrin is the major accessory pigment in red algae that gives them their characteristic red colour.
BIO-C03-02,c03,Plant Kingdom,Bryophytes,Amphibians of Plant Kingdom,Bryophytes are called amphibians of the plant kingdom because these plants can live in soil but are dependent on water for sexual reproduction.,"Step 1: Main plant body is haploid gametophyte. Step 2: Antherozoids are released into water. Step 3: Zygote forms a multicellular diploid sporophyte, which is attached to and dependent on the gametophyte.",NEET Trap: The sporophyte of bryophytes is not free-living; it is attached to the photosynthetic gametophyte and derives nourishment from it.,"In bryophytes, the sporophyte is:",Free-living and independent|Parasitic on gametophyte|Haploid|Formed after meiosis in zygote,1,The sporophyte in bryophytes is not free-living but attached to the photosynthetic gametophyte and derives nourishment from it.
BIO-C03-03,c03,Plant Kingdom,Pteridophytes,First Vascular Land Plants,Pteridophytes are the first terrestrial plants to possess vascular tissues (xylem and phloem). They include horsetails and ferns.,"Step 1: Main plant body is a diploid sporophyte differentiated into true roots, stem and leaves. Step 2: Sporangia produce spores by meiosis. Step 3: Spores germinate into an inconspicuous, small, multicellular, free-living, mostly photosynthetic thalloid gametophyte called prothallus.","NEET Trap: In pteridophytes, the main plant body is a sporophyte, whereas in bryophytes it is a gametophyte. Also, prothallus is free-living.",The prothallus in pteridophytes represents:,Sporophytic generation|Male reproductive organ|Free-living gametophyte|Diploid structure,2,"Prothallus is the inconspicuous, multicellular, free-living, mostly photosynthetic thalloid gametophyte in pteridophytes."
BIO-C03-04,c03,Plant Kingdom,Gymnosperms,Naked Seed Plants,"Gymnosperms are plants in which the ovules are not enclosed by any ovary wall and remain exposed, both before and after fertilization.","Step 1: Roots are generally tap roots; some have fungal association (mycorrhiza in Pinus) or coralloid roots with N2-fixing cyanobacteria (Cycas). Step 2: Leaves are well-adapted to withstand extremes of temperature, humidity and wind. Step 3: Heterosporous; produce haploid microspores and megaspores.","NEET Trap: Cycas has unbranched stems and pinnate leaves, while Pinus has branched stems and needle-like leaves.",Which of the following gymnosperms has coralloid roots associated with N2-fixing cyanobacteria?,Pinus|Cycas|Ginkgo|Cedrus,1,Cycas has specialized coralloid roots that harbour nitrogen-fixing cyanobacteria like Anabaena.
BIO-C04-01,c04,Animal Kingdom,Porifera,Sponges & Canal System,"Members of phylum Porifera are commonly known as sponges. They are generally marine, asymmetrical animals with cellular level of organisation.","Step 1: Water enters through minute pores (ostia) in the body wall. Step 2: Water enters a central cavity (spongocoel). Step 3: Water goes out through the osculum. This pathway helps in food gathering, respiratory exchange and removal of waste.",NEET Trap: Choanocytes (collar cells) line the spongocoel and the canals. Sponges have intracellular digestion.,"The water vascular system is characteristic of echinoderms, while the canal system is found in:",Porifera|Cnidaria|Annelida|Arthropoda,0,"Sponges (Porifera) possess a water transport or canal system, whereas echinoderms have a water vascular system."
BIO-C04-02,c04,Animal Kingdom,Cnidaria,Cnidoblasts & Alternation of Generation,"Cnidarians (coelenterates) are aquatic, mostly marine, sessile or free-swimming, radially symmetrical animals characterized by the presence of cnidoblasts.","Step 1: Cnidoblasts contain stinging capsules (nematocysts) used for anchorage, defense and capture of prey. Step 2: Some exhibit metagenesis (Obelia), where polyps produce medusae asexually and medusae form polyps sexually.","NEET Trap: Metamerism is true segmentation found in Annelida, Arthropoda, and Chordata. Metagenesis is alternation of generation found in Cnidaria.",Which of the following exhibits metagenesis?,Hydra|Obelia|Adamsia|Aurelia,1,"Obelia exhibits metagenesis, alternating between the asexual polyp phase and the sexual medusa phase."
BIO-C04-03,c04,Animal Kingdom,Arthropoda,Largest Phylum,Arthropoda is the largest phylum of Animalia which includes insects. Over two-thirds of all named species on earth are arthropods.,"Step 1: Organ-system level of organisation, bilaterally symmetrical, triploblastic, segmented and coelomate. Step 2: Body covered by chitinous exoskeleton. Step 3: Body consists of head, thorax and abdomen. They have jointed appendages.","NEET Trap: Respiration occurs through gills, book gills, book lungs or tracheal system. Statocysts (balance organs) are present.",The exoskeleton of arthropods is composed of:,Calcium carbonate|Silica|Chitin|Cellulose,2,"Arthropods have a tough exoskeleton made of chitin, a complex nitrogenous polysaccharide."
BIO-C04-04,c04,Animal Kingdom,Chordata,Features of Chordates,"Phylum Chordata is characterized by the presence of a notochord, a dorsal hollow nerve cord and paired pharyngeal gill slits.","Step 1: Bilaterally symmetrical, triploblastic, coelomate with organ-system level of organisation. Step 2: Possess a post-anal tail and closed circulatory system. Step 3: Divided into Urochordata, Cephalochordata, and Vertebrata.","NEET Trap: All vertebrates are chordates but all chordates are not vertebrates. In Urochordata, notochord is present only in larval tail.",In which subphylum is the notochord present only in the larval tail?,Cephalochordata|Urochordata|Vertebrata|Hemichordata,1,"In Urochordata (Tunicata), the notochord is restricted to the larval tail and is lost in the adult."
BIO-C05-01,c05,Morphology of Flowering Plants,Root Modifications,Storage & Support Roots,Roots in some plants change their shape and structure and become modified to perform functions other than absorption and conduction of water and minerals.,"Step 1: Tap roots of carrot, turnip and adventitious roots of sweet potato get swollen and store food. Step 2: Prop roots of banyan tree provide support. Step 3: Stilt roots in maize and sugarcane come from lower nodes of stem. Step 4: Pneumatophores in Rhizophora grow vertically upward for oxygen.","NEET Trap: Sweet potato is a modified adventitious root, while potato is a modified stem.",Pneumatophores are helpful in:,Transpiration|Getting oxygen for respiration|Vegetative reproduction|Providing mechanical support,1,Pneumatophores are modified roots in mangrove plants like Rhizophora that grow upwards to get oxygen for respiration.
BIO-C05-02,c05,Morphology of Flowering Plants,Stem Modifications,Underground & Aerial Modifications,"Stems are modified to perform functions of storage of food, support, protection and of vegetative propagation.","Step 1: Underground stems of potato, ginger, turmeric, zaminkand, colocasia are modified to store food. Step 2: Stem tendrils (axillary bud) in gourds and grapevines. Step 3: Thorns in Citrus and Bougainvillea. Step 4: Phylloclade in Opuntia (flattened) and Euphorbia (cylindrical).","NEET Trap: Thorns are modified axillary buds, whereas spines (e.g. in cactus) are modified leaves.",Which of the following is a modified stem for protection?,Tendril|Phylloclade|Thorn|Pneumatophore,2,"Thorns are hard, woody, straight and pointed structures modified from axillary buds for protection against browsing animals."
BIO-C05-03,c05,Morphology of Flowering Plants,Leaf Venation & Phyllotaxy,Arrangement of Leaves,Venation is the arrangement of veins in the lamina. Phyllotaxy is the pattern of arrangement of leaves on the stem or branch.,"Step 1: Reticulate venation is common in dicots; parallel venation is common in monocots. Step 2: Alternate phyllotaxy (China rose, mustard, sunflower) - single leaf at each node. Step 3: Opposite (Calotropis, guava) - pair of leaves at each node. Step 4: Whorled (Alstonia) - more than two leaves at a node.","NEET Trap: Smilax is a monocot with reticulate venation, and Calophyllum is a dicot with parallel venation (exceptions often tested implicitly).",In which plant is whorled phyllotaxy found?,Mustard|China rose|Guava|Alstonia,3,"In Alstonia, more than two leaves arise at a node and form a whorl."
BIO-C05-04,c05,Morphology of Flowering Plants,Placentation,Types of Placentation,The arrangement of ovules within the ovary is known as placentation.,"Step 1: Marginal (pea). Step 2: Axile (china rose, tomato, lemon) - multilocular ovary. Step 3: Parietal (mustard, Argemone) - ovules on inner wall, often forming a false septum (replum). Step 4: Free central (Dianthus, Primrose). Step 5: Basal (sunflower, marigold) - single ovule at the base.","NEET Trap: Replum (false septum) is a characteristic of parietal placentation in mustard and Argemone, not axile placentation.",A false septum (replum) is found in the ovary of:,Tomato|Dianthus|Mustard|Pea,2,"In mustard and Argemone, the ovary is initially one-chambered but becomes two-chambered due to the formation of a false septum (replum)."
BIO-C06-01,c06,Anatomy of Flowering Plants,Meristematic Tissues,"Apical, Intercalary & Lateral Meristems",Meristems are regions of active cell division. They are responsible for the primary and secondary growth of the plant.,Step 1: Apical meristems occur at tips of roots and shoots (primary growth). Step 2: Intercalary meristems occur between mature tissues (e.g. grasses). Step 3: Lateral meristems (cylindrical) like vascular cambium and cork cambium cause secondary growth.,NEET Trap: Both apical and intercalary meristems are primary meristems because they appear early in life and contribute to the primary plant body.,Which meristem is responsible for regenerating parts removed by grazing herbivores in grasses?,Apical meristem|Lateral meristem|Intercalary meristem|Secondary meristem,2,Intercalary meristems occur at the base of internodes or leaves in grasses and regenerate parts removed by grazing.
BIO-C06-02,c06,Anatomy of Flowering Plants,Permanent Tissues,Xylem & Phloem Elements,Complex permanent tissues are made of more than one type of cells and work together as a unit.,"Step 1: Xylem consists of tracheids, vessels, xylem fibres, and xylem parenchyma. Step 2: Vessels are characteristic of angiosperms (mostly absent in gymnosperms). Step 3: Phloem consists of sieve tube elements, companion cells, phloem parenchyma, and phloem fibres.",NEET Trap: Gymnosperms lack vessels in their xylem and lack sieve tubes and companion cells in their phloem (they have albuminous cells and sieve cells).,Which of the following is present in angiosperms but generally absent in gymnosperms?,Tracheids|Vessels|Sieve cells|Xylem parenchyma,1,"Vessels in xylem and sieve tube elements/companion cells in phloem are characteristic features of angiosperms, generally lacking in gymnosperms."
BIO-C06-03,c06,Anatomy of Flowering Plants,Dicot vs Monocot Root,Internal Structure of Roots,The anatomical features distinguish dicot and monocot roots based on vascular bundles and pith.,Step 1: Dicot root has 2-4 xylem and phloem patches (diarch to tetrarch); small or inconspicuous pith. Step 2: Monocot root has more than six xylem bundles (polyarch); large and well-developed pith. Step 3: Endodermis with Casparian strips (suberin) is present in both.,"NEET Trap: Pith is large and well-developed in monocot root and dicot stem, but inconspicuous in dicot root.","A polyarch xylem with a large, well-developed pith is characteristic of:",Dicot stem|Monocot root|Dicot root|Monocot stem,1,Monocot roots typically have polyarch vascular bundles (more than 6 xylem patches) and a prominent central pith.
BIO-C06-04,c06,Anatomy of Flowering Plants,Secondary Growth,Vascular Cambium & Cork Cambium,"Secondary growth increases the girth (thickness) of the plant organs, primarily occurring in dicot stems and dicot roots.","Step 1: Vascular cambium forms a complete ring from intrafascicular and interfascicular cambium. Step 2: It cuts off secondary xylem towards the inside and secondary phloem towards the outside. Step 3: Cork cambium (phellogen) develops in the cortex, producing cork (phellem) outside and secondary cortex (phelloderm) inside.","NEET Trap: Heartwood (dark, central, dead, contains tannins/resins, does not conduct water) vs. Sapwood (lighter, outer, living/functional, conducts water).","The tissues phellem, phellogen, and phelloderm are collectively known as:",Pericycle|Periderm|Bark|Stele,1,"Phellogen (cork cambium), phellem (cork), and phelloderm (secondary cortex) collectively constitute the periderm."
BIO-C07-01,c07,Structural Organisation in Animals / Tissues,Epithelial Tissue,Types of Epithelium,Epithelial tissue provides a covering or lining for some parts of the body.,"Step 1: Squamous (flattened) - walls of blood vessels and air sacs of lungs (diffusion). Step 2: Cuboidal (cube-like) - ducts of glands, tubular parts of nephrons (secretion/absorption). Step 3: Columnar (tall) - lining of stomach and intestine. Step 4: Ciliated - inner surface of bronchioles and fallopian tubes.","NEET Trap: PCT of nephron has simple cuboidal epithelium with microvilli (brush border), which increases surface area for absorption.",Ciliated columnar epithelium is found in the inner lining of:,Fallopian tubes|Blood vessels|Stomach|Bile duct,0,Ciliated epithelium is found in the inner lining of hollow organs like bronchioles and fallopian tubes to move particles or mucus in a specific direction.
BIO-C07-02,c07,Structural Organisation in Animals / Tissues,Connective Tissue,"Areolar, Adipose & Dense Connective",Connective tissues are the most abundant and widely distributed in the body of complex animals.,"Step 1: Loose connective - Areolar (beneath skin, support framework) and Adipose (fat storage). Step 2: Dense connective - Dense regular (tendons, ligaments) and Dense irregular (skin). Step 3: Specialised - Cartilage, Bone, Blood.",NEET Trap: Tendons connect skeletal muscle to bone; ligaments connect bone to bone. Both are dense regular connective tissues.,Which of the following is a loose connective tissue?,Cartilage|Tendon|Areolar tissue|Bone,2,"Areolar tissue is a loose connective tissue located beneath the skin, often serving as a support framework for epithelium."
BIO-C07-03,c07,Structural Organisation in Animals / Tissues,Muscle Tissue,"Skeletal, Smooth & Cardiac","Muscle tissue is responsible for movement and is made of long, cylindrical fibres.","Step 1: Skeletal muscle - striated, voluntary, multinucleated, attached to bones. Step 2: Smooth muscle - non-striated, involuntary, spindle-shaped, uninucleate, in walls of internal organs. Step 3: Cardiac muscle - striated, involuntary, branched, with intercalated discs (communication junctions).",NEET Trap: Intercalated discs are unique to cardiac muscle. Smooth muscle lacks striations and is involuntary.,Intercalated discs are characteristic of which tissue?,Skeletal muscle|Smooth muscle|Cardiac muscle|Nervous tissue,2,"Cardiac muscle tissue features intercalated discs at cell junctions, which allow the cells to contract as a unit."
BIO-C07-04,c07,Structural Organisation in Animals / Tissues,Cockroach Anatomy,Digestive & Excretory System of Periplaneta,Cockroach (Periplaneta americana) exhibits distinct organ systems adapted for terrestrial life.,Step 1: Foregut includes crop (storage) and gizzard/proventriculus (grinding food using chitinous teeth). Step 2: Hepatic caeca (6-8 blind tubules) at foregut-midgut junction secrete digestive juices. Step 3: Malpighian tubules (100-150 yellow tubules) at midgut-hindgut junction help in excretion of uric acid.,NEET Trap: Hepatic caeca are at the junction of foregut and midgut; Malpighian tubules are at the junction of midgut and hindgut. Cockroach is uricotelic.,"In cockroach, the Malpighian tubules are located at the junction of:",Foregut and midgut|Midgut and hindgut|Crop and gizzard|Oesophagus and crop,1,Malpighian tubules are excretory organs present at the junction of the midgut and hindgut in cockroaches.
BIO-C21-01,c21,Sexual Reproduction in Flowering Plants,Microsporogenesis,Pollen Grain & Anther Wall,Microsporogenesis is the process of formation of microspores from a pollen mother cell (PMC) through meiosis.,"Step 1: Anther wall has 4 layers: Epidermis, Endothecium, Middle layers (protective, dehiscent) and Tapetum (nourishes developing pollen). Step 2: PMCs in sporogenous tissue undergo meiosis to form microspore tetrads. Step 3: Microspores dissociate and develop into pollen grains (male gametophytes).","NEET Trap: Tapetum is multinucleated with dense cytoplasm and nourishes pollen. The outer wall of pollen (exine) has sporopollenin, the most resistant organic material known.",Which layer of the anther wall is responsible for nourishing the developing pollen grains?,Endothecium|Epidermis|Middle layers|Tapetum,3,"The innermost layer of the anther wall is the tapetum, which provides nourishment to the developing pollen grains."
BIO-C21-02,c21,Sexual Reproduction in Flowering Plants,Megasporogenesis,Embryo Sac Formation,Megasporogenesis is the formation of megaspores from the megaspore mother cell (MMC) in the nucellus.,"Step 1: A single MMC differentiates in the micropylar region of nucellus and undergoes meiosis to form 4 megaspores. Step 2: Usually 3 degenerate, and 1 functional megaspore at the chalazal end develops into the female gametophyte (embryo sac). Step 3: Functional megaspore undergoes 3 sequential mitotic divisions to form an 8-nucleate, 7-celled embryo sac.",NEET Trap: The typical angiosperm embryo sac at maturity is 8-nucleate but 7-celled. The central cell has two polar nuclei.,A typical angiosperm embryo sac at maturity is:,8-nucleate and 8-celled|7-nucleate and 8-celled|8-nucleate and 7-celled|7-nucleate and 7-celled,2,"It contains 3 antipodals (3 cells), 2 synergids and 1 egg (3 cells), and 1 large central cell with 2 polar nuclei, making it 8-nucleate and 7-celled."
BIO-C21-03,c21,Sexual Reproduction in Flowering Plants,Pollination,"Autogamy, Geitonogamy, Xenogamy",Pollination is the transfer of pollen grains to the stigma of a pistil.,"Step 1: Autogamy - transfer within the same flower (Cleistogamous flowers never open and are strictly autogamous). Step 2: Geitonogamy - transfer to another flower of the SAME plant (genetically similar, functionally cross-pollination). Step 3: Xenogamy - transfer to a DIFFERENT plant (brings genetic variation).",NEET Trap: Geitonogamy requires a pollinating agent but is genetically similar to autogamy since the pollen comes from the same plant.,Which of the following statements about geitonogamy is correct?,It is functionally cross-pollination but genetically autogamy|It strictly occurs in cleistogamous flowers|It brings genetic variation to the progeny|It does not require any pollinating agent,0,"Geitonogamy is functionally cross-pollination involving an agent, but genetically it is similar to autogamy as the pollen grains come from the same plant."
BIO-C21-04,c21,Sexual Reproduction in Flowering Plants,Double Fertilization,Syngamy & Triple Fusion,Double fertilization is a unique and characteristic event in angiosperms involving two fusions.,"Step 1: Pollen tube enters one synergid through filiform apparatus, releasing two male gametes. Step 2: Syngamy - One male gamete fuses with the egg cell to form a diploid zygote. Step 3: Triple Fusion - The other male gamete fuses with two polar nuclei in the central cell to form a triploid Primary Endosperm Nucleus (PEN).","NEET Trap: Endosperm in angiosperms is triploid (3n) and develops AFTER fertilization, unlike in gymnosperms where it is haploid (n) and forms BEFORE fertilization.",What are the ploidy levels of the zygote and the primary endosperm nucleus (PEN) in angiosperms respectively?,n and 2n|2n and 3n|2n and 2n|3n and 2n,1,"The zygote is diploid (2n) formed by syngamy, while the PEN is triploid (3n) formed by triple fusion."
BIO-C23-01,c23,Reproductive Health,Contraceptive Methods,IUDs (Intra Uterine Devices),IUDs are devices inserted by doctors into the uterus through vagina to delay pregnancy or space children.,"Step 1: Non-medicated IUDs (e.g. Lippes loop) increase phagocytosis of sperms. Step 2: Copper releasing IUDs (CuT, Cu7, Multiload 375) release Cu ions which suppress sperm motility and fertilising capacity. Step 3: Hormone releasing IUDs (Progestasert, LNG-20) make the uterus unsuitable for implantation and cervix hostile to sperms.","NEET Trap: Copper ions (Cu2+) suppress sperm MOTILITY, not sperm production. LNG-20 is a hormone-releasing IUD.",Which of the following is a hormone-releasing IUD?,Lippes loop|Multiload 375|Cu7|LNG-20,3,LNG-20 and Progestasert are hormone-releasing IUDs.
BIO-C23-02,c23,Reproductive Health,Contraceptive Methods,Oral Contraceptives (Pills),Oral pills are small doses of either progestogens or progestogen-estrogen combinations.,"Step 1: Pills inhibit ovulation and implantation. Step 2: They alter the quality of cervical mucus to prevent/retard entry of sperms. Step 3: 'Saheli' is a non-steroidal, once-a-week pill with very few side effects and high contraceptive value (developed by CDRI, Lucknow).","NEET Trap: Saheli is a non-steroidal oral contraceptive pill developed in India (CDRI, Lucknow), taken once a week after initial daily dosage.",The contraceptive 'Saheli':,is an IUD|increases the concentration of estrogen|is a non-steroidal preparation|blocks fallopian tubes,2,'Saheli' is a non-steroidal oral contraceptive pill developed by scientists at CDRI in Lucknow.
BIO-C23-03,c23,Reproductive Health,ART (Assisted Reproductive Tech),"IVF, ZIFT, GIFT",ART includes techniques to help infertile couples have children.,Step 1: IVF (In Vitro Fertilization) - fertilization outside the body. Step 2: ZIFT (Zygote Intra Fallopian Transfer) - zygote or early embryos (up to 8 blastomeres) transferred to fallopian tube. Step 3: IUT (Intra Uterine Transfer) - embryos with >8 blastomeres transferred to uterus. Step 4: GIFT - transfer of an ovum collected from a donor into the fallopian tube of another female.,NEET Trap: ZIFT transfers zygotes/embryos UP TO 8 blastomeres into the fallopian tube. IUT is for MORE THAN 8 blastomeres.,In which technique is the embryo with more than 8 blastomeres transferred into the uterus?,GIFT|ZIFT|IUT|ICSI,2,IUT (Intra Uterine Transfer) involves transferring embryos with more than 8 blastomeres directly into the uterus.
BIO-C23-04,c23,Reproductive Health,MTP,Medical Termination of Pregnancy,MTP is the intentional or voluntary termination of pregnancy before full term.,Step 1: Government of India legalized MTP in 1971 with strict conditions to check illegal female foeticides. Step 2: MTPs are considered relatively safe during the first trimester (up to 12 weeks of pregnancy). Step 3: Second trimester abortions are much more risky.,NEET Trap: MTP is safe only up to the first trimester (12 weeks). Amniocentesis is a fetal sex determination and chromosomal disorder test which is misused for female foeticide.,Medical termination of pregnancy (MTP) is considered safe up to how many weeks of pregnancy?,8 weeks|12 weeks|18 weeks|24 weeks,1,"MTP is considered relatively safe during the first trimester, i.e., up to 12 weeks of pregnancy."
BIO-C26-01,c26,Evolution,Evidences for Evolution,Homologous & Analogous Organs,Comparative anatomy provides evidence for evolution through homologous and analogous structures.,"Step 1: Homologous organs share a common ancestry and structural plan but perform different functions (Divergent evolution). E.g. forelimbs of whales, bats, cheetah, and human. Step 2: Analogous organs have different anatomical structures but perform similar functions (Convergent evolution). E.g. wings of butterfly and birds, sweet potato (root) and potato (stem).",NEET Trap: Thorns of Bougainvillea and tendrils of Cucurbita are HOMOLOGOUS (both are axillary bud modifications). Sweet potato and potato are ANALOGOUS.,Which of the following pairs represents analogous organs?,Forelimbs of bat and whale|Thorns of Bougainvillea and tendrils of Cucurbita|Wings of butterfly and birds|Vertebrate hearts and brains,2,Wings of a butterfly and birds are analogous organs; they serve the same function (flying) but have different anatomical origins (convergent evolution).
BIO-C26-02,c26,Evolution,Adaptive Radiation,Darwin's Finches & Marsupials,Adaptive radiation is the process of evolution of different species in a given geographical area starting from a point and radiating to other habitats.,"Step 1: Darwin's finches in Galapagos Islands evolved various beak shapes from a common seed-eating ancestor. Step 2: Australian marsupials evolved into different forms within the isolated Australian continent. Step 3: When more than one adaptive radiation occurs in an isolated geographical area, it is called convergent evolution (e.g. Placental mammals and Marsupials in Australia).","NEET Trap: Placental wolf and Tasmanian wolf (marsupial) show Convergent evolution, not just adaptive radiation.",Darwin's finches are a good example of:,Convergent evolution|Adaptive radiation|Industrial melanism|Connecting links,1,Darwin's finches radiating into various species on the Galapagos Islands from a common seed-eating ancestor represent adaptive radiation.
BIO-C26-03,c26,Evolution,Hardy-Weinberg Principle,Genetic Equilibrium,The Hardy-Weinberg principle states that allele frequencies in a population are stable and remain constant from generation to generation in the absence of disturbing factors.,"Step 1: Equation: p^2 + 2pq + q^2 = 1. p=frequency of dominant allele, q=frequency of recessive allele, p^2=homozygous dominant, 2pq=heterozygous, q^2=homozygous recessive. Step 2: Five factors affect equilibrium: Gene migration, Genetic drift, Mutation, Genetic recombination, and Natural selection.",NEET Trap: Genetic drift operates in SMALL isolated populations. Founder effect and bottleneck effect are types of genetic drift.,"In Hardy-Weinberg equation, the frequency of heterozygous individuals is represented by:",p^2|2pq|pq|q^2,1,"In the binomial expansion (p+q)^2 = p^2 + 2pq + q^2 = 1, '2pq' represents the frequency of heterozygous individuals."
BIO-C26-04,c26,Evolution,Human Evolution,Ancestors of Modern Man,Human evolution is traced through fossil records showing increasing brain size and bipedal locomotion.,"Step 1: Dryopithecus & Ramapithecus (15 mya) -> Australopithecines (2 mya, walked upright in East Africa). Step 2: Homo habilis (first human-like, brain 650-800cc, did not eat meat). Step 3: Homo erectus (1.5 mya, brain 900cc, ate meat). Step 4: Neanderthal man (100,000-40,000 years ago, brain 1400cc, buried their dead). Step 5: Homo sapiens (arose in Africa).",NEET Trap: Homo habilis is the first 'tool maker' and first hominid (human-like). Homo erectus had a larger brain (900cc) and probably used fire.,Which of the following had the largest brain capacity?,Homo habilis|Neanderthal man|Homo erectus|Australopithecus,1,"Neanderthal man had a brain capacity of about 1400 cc, which is larger than Homo habilis (650-800 cc) and Homo erectus (900 cc)."
BIO-C28-01,c28,Microbes in Human Welfare,Household Products,LAB & Baker's Yeast,Microbes play a crucial role in preparing household foods.,"Step 1: Lactic Acid Bacteria (LAB) grow in milk and convert it to curd, which improves nutritional quality by increasing Vitamin B12. Step 2: Dough for bread is fermented by baker's yeast (Saccharomyces cerevisiae). Step 3: Swiss cheese gets large holes due to CO2 production by Propionibacterium sharmanii. Step 4: Roquefort cheese is ripened by specific fungi.","NEET Trap: LAB increases Vitamin B12 in curd. Propionibacterium sharmanii produces the large holes in Swiss cheese, not yeast.",The large holes in 'Swiss cheese' are due to the production of a large amount of CO2 by:,Saccharomyces cerevisiae|Propionibacterium sharmanii|Lactobacillus acidophilus|Penicillium roqueforti,1,"A bacterium named Propionibacterium sharmanii produces a large amount of CO2, creating the characteristic large holes in Swiss cheese."
BIO-C28-02,c28,Microbes in Human Welfare,Bioactive Molecules,"Statins, Cyclosporin A, Streptokinase",Microbes are used for commercial production of specific chemicals and bioactive molecules.,Step 1: Streptokinase (from Streptococcus) - used as a 'clot buster' to remove blood clots from blood vessels in myocardial infarction patients. Step 2: Cyclosporin A (from fungus Trichoderma polysporum) - used as an immunosuppressive agent in organ transplants. Step 3: Statins (from yeast Monascus purpureus) - used as blood cholesterol-lowering agents by competitively inhibiting the enzyme for cholesterol synthesis.,"NEET Trap: Match the organism and function perfectly: Monascus (Statin/Cholesterol), Trichoderma (Cyclosporin/Immunosuppressant), Streptococcus (Streptokinase/Clot buster).",Which of the following is correctly matched?,Monascus purpureus - Immunosuppressive agent|Trichoderma polysporum - Blood cholesterol lowering agent|Streptococcus - Clot buster|Aspergillus niger - Butyric acid,2,"Streptokinase produced by Streptococcus is used as a clot buster. Monascus produces statins, and Trichoderma produces cyclosporin A."
BIO-C28-03,c28,Microbes in Human Welfare,Sewage Treatment,Primary & Secondary Treatment,Sewage treatment prevents water pollution and waterborne diseases.,"Step 1: Primary treatment is a physical process removing large/small particles through filtration and sedimentation (forming primary sludge). Step 2: Secondary (biological) treatment uses aerobic microbes forming 'flocs' (bacteria + fungal filaments) which consume organic matter, reducing BOD (Biochemical Oxygen Demand). Step 3: Activated sludge is passed to anaerobic sludge digesters producing biogas (CH4, H2S, CO2).","NEET Trap: Lower BOD indicates cleaner water; higher BOD indicates more polluting organic matter. Biogas is mainly Methane, H2S, and CO2.","In secondary sewage treatment, a significant decrease in BOD indicates:",The water is heavily polluted with organic matter|The organic matter has been largely consumed by aerobic microbes|Increase in pathogenic bacteria|Anaerobic digestion has begun,1,A decrease in BOD (Biochemical Oxygen Demand) indicates that the aerobic microbes in flocs have consumed most of the organic matter in the effluent.
BIO-C28-04,c28,Microbes in Human Welfare,Biocontrol Agents,"Bacillus thuringiensis, Trichoderma, Baculoviruses",Biocontrol is the use of biological methods for controlling plant diseases and pests.,"Step 1: Ladybird controls aphids; Dragonflies control mosquitoes. Step 2: Bacillus thuringiensis (Bt) controls butterfly caterpillars. Step 3: Trichoderma species are free-living fungi in root ecosystems that protect against plant pathogens. Step 4: Baculoviruses (genus Nucleopolyhedrovirus) are excellent species-specific, narrow-spectrum insecticidal applications with no negative impact on non-targets.","NEET Trap: Baculoviruses are narrow-spectrum and species-specific, meaning they do not harm plants, mammals, birds, fish, or non-target insects.",Which genus of baculoviruses is widely used as a biological control agent?,Trichoderma|Nucleopolyhedrovirus|Agrobacterium|Meloidogyne,1,"Viruses in the genus Nucleopolyhedrovirus are excellent candidates for species-specific, narrow-spectrum insecticidal applications."
BIO-C33-01,c33,Biodiversity and Conservation,Patterns of Biodiversity,Latitudinal Gradients & Species-Area Relationship,Biodiversity is not uniform throughout the world but shows uneven distribution.,"Step 1: Species diversity decreases as we move away from the equator towards the poles. Amazonian rain forest has the greatest biodiversity on earth. Step 2: Alexander von Humboldt observed that within a region species richness increases with increasing explored area, but only up to a limit (rectangular hyperbola). Step 3: Equation: log S = log C + Z log A (Z = slope of line, value usually 0.1 to 0.2).","NEET Trap: The Z-line value is 0.1 to 0.2 regardless of taxonomic group or region, but for very large areas like entire continents, the slope is much steeper (0.6 to 1.2).","In the species-area relationship equation log S = log C + Z log A, what does 'Z' stand for?",Species richness|Y-intercept|Slope of the line (regression coefficient)|Area,2,"Z is the slope of the line (regression coefficient), which generally has a value of 0.1 to 0.2 regardless of the taxonomic group or the region."
BIO-C33-02,c33,Biodiversity and Conservation,Causes of Biodiversity Loss,The Evil Quartet,Human activities are accelerating the extinction of species. The four major causes are known as 'The Evil Quartet'.,"Step 1: Habitat loss and fragmentation (most important cause, e.g. Amazon 'lungs of planet' cut for soy beans). Step 2: Over-exploitation (e.g. Steller's sea cow, passenger pigeon extinct). Step 3: Alien species invasions (e.g. Nile perch, water hyacinth, Clarias gariepinus threatening indigenous species). Step 4: Co-extinctions (extinction of one species leads to extinction of obligate associates).",NEET Trap: Habitat loss and fragmentation is the MOST important cause driving animals and plants to extinction.,Which of the following is considered the most important cause driving animals and plants to extinction?,Alien species invasions|Over-exploitation|Habitat loss and fragmentation|Co-extinctions,2,"Habitat loss and fragmentation is the primary and most significant cause of biodiversity loss globally, exemplified by the clearing of the Amazon rainforest."
BIO-C33-03,c33,Biodiversity and Conservation,Biodiversity Conservation,In situ Conservation,In situ (on site) conservation involves protecting the whole ecosystem and its biodiversity at all levels.,"Step 1: Biodiversity Hotspots (regions with very high species richness and high degree of endemism). Total 34 globally, 3 in India (Western Ghats & Sri Lanka, Indo-Burma, Himalaya). Step 2: Biosphere reserves, National parks, Sanctuaries. Step 3: Sacred groves (Khasi and Jaintia Hills, Aravalli Hills) - tracts of forest set aside and venerated by locals.","NEET Trap: Hotspots have high 'endemism', meaning species are confined to that region and not found anywhere else. In situ means conserving in the natural habitat.",Regions with very high levels of species richness and high degree of endemism are called:,Biosphere reserves|Biodiversity hotspots|National parks|Sacred groves,1,Biodiversity hotspots are specific regions characterized by exceptional concentrations of endemic species and experiencing massive habitat loss.
BIO-C33-04,c33,Biodiversity and Conservation,Biodiversity Conservation,Ex situ Conservation,Ex situ (off site) conservation involves taking threatened animals/plants out of their natural habitat and placing them in special care.,"Step 1: Zoological parks, botanical gardens, and wildlife safari parks. Step 2: Cryopreservation - preserving gametes of threatened species in viable and fertile condition at -196 C in liquid nitrogen. Step 3: Tissue culture - propagating plants in vitro. Step 4: Seed banks - preserving seeds of different genetic strains of commercially important plants.","NEET Trap: Wildlife SAFARI parks are ex situ, whereas wildlife SANCTUARIES are in situ. Cryopreservation occurs at -196 degrees Celsius.",Which of the following is an example of ex situ conservation?,National Park|Wildlife Sanctuary|Biosphere Reserve|Seed Bank,3,"Seed banks, botanical gardens, zoological parks, and cryopreservation are methods of ex situ (off-site) conservation."
BIO-C01-02,c01,The Living World,Taxonomic Categories,Hierarchy & Species Concept,Taxonomic categories are a series of distinct ranks or levels in the hierarchical classification of organisms.,"Step 1: Species is the lowest category (basic unit of classification). Step 2: Genus comprises a group of related species. Step 3: Family has a group of related genera. Step 4: Order, Class, Phylum/Division, and Kingdom follow in ascending order.","NEET Trap: As we go higher from species to kingdom, the number of common characteristics goes on decreasing.","As we go from species to kingdom in a taxonomic hierarchy, the number of common characteristics:",Will decrease|Will increase|Remain same|May increase or decrease,0,"The lower the taxa, the more are the characteristics that the members within the taxon share. Higher the category, greater is the difficulty of determining the relationship to other taxa at the same level."
BIO-C01-03,c01,The Living World,Taxonomical Aids,Herbarium & Botanical Gardens,Taxonomic aids are collections of samples or preserved organisms which help in extensive research for identification.,"Step 1: Herbarium is a storehouse of collected plant specimens that are dried, pressed and preserved on sheets. Step 2: Botanical gardens have collections of living plants for reference. Step 3: Museum has collections of preserved plant and animal specimens for study and reference. Step 4: Zoological Parks are places where wild animals are kept in protected environments.","NEET Trap: Herbarium sheets carry a label providing information about date/place of collection, English, local and botanical names, family, collector's name, but NOT the height of the plant.",The label of a herbarium sheet does NOT carry information on:,Date of collection|Name of collector|Local names|Height of the plant,3,"The standard herbarium label includes date/place of collection, English, local and botanical names, family, and collector's name, but not the height of the plant."
BIO-C02-02,c02,Biological Classification,Kingdom Monera,Archaebacteria & Eubacteria,"Kingdom Monera comprises all prokaryotic organisms, primarily bacteria, which are the most abundant micro-organisms.","Step 1: Archaebacteria live in harsh habitats (halophiles, thermoacidophiles, methanogens) due to a different cell wall structure. Step 2: Eubacteria (true bacteria) have a rigid cell wall and, if motile, a flagellum. Step 3: Cyanobacteria (blue-green algae) have chlorophyll a and perform oxygenic photosynthesis; some fix nitrogen in heterocysts.",NEET Trap: Methanogens are present in the gut of several ruminant animals and produce methane. Heterocysts in Nostoc and Anabaena fix atmospheric nitrogen.,Which of the following are found in extreme saline conditions?,Eubacteria|Cyanobacteria|Mycobacteria|Archaebacteria,3,Archaebacteria known as halophiles are uniquely adapted to survive in extreme saline conditions due to their specialized cell wall structure.
BIO-C02-03,c02,Biological Classification,Kingdom Protista,Chrysophytes & Dinoflagellates,Protista includes all single-celled eukaryotes. The boundaries of this kingdom are not well-defined.,Step 1: Chrysophytes (Diatoms & Golden algae/Desmids) have indestructible cell walls embedded with silica (diatomaceous earth). Step 2: Dinoflagellates are mostly marine/photosynthetic with stiff cellulose plates on the outer surface (red tides by Gonyaulax). Step 3: Euglenoids have a protein-rich pellicle instead of a cell wall. Step 4: Slime moulds are saprophytic.,NEET Trap: Diatomaceous earth is formed by the accumulation of indestructible silica cell walls of diatoms over billions of years.,Which organisms are the chief producers in the oceans?,Dinoflagellates|Diatoms|Cyanobacteria|Euglenoids,1,"Diatoms (part of Chrysophytes) are microscopic, float passively in water currents (plankton), and are the chief producers in the oceans."
BIO-C02-04,c02,Biological Classification,Viruses & Viroids,Acellular Entities,"Viruses, viroids, prions and lichens are acellular or symbiotic entities not placed in the five-kingdom classification.","Step 1: Viruses have a protein coat (capsid) and genetic material (DNA or RNA, never both). Step 2: Viroids (discovered by T.O. Diener) are infectious agents smaller than viruses, consisting of free RNA without a protein coat. Step 3: Prions are abnormally folded infectious proteins causing neurodegenerative diseases.",NEET Trap: Viroid RNA has low molecular weight and no protein coat. Viruses causing plant diseases usually have single-stranded RNA.,Which of the following lacks a protein coat and consists only of free RNA?,Prion|Virus|Viroid|Bacteriophage,2,"Viroids are infectious agents discovered by T.O. Diener that consist of a short, circular, free RNA molecule of low molecular weight without any protein coat."
BIO-C08-03,c08,Cell: The Unit of Life,Endomembrane System,"ER, Golgi, Lysosomes & Vacuoles",The endomembrane system includes organelles whose functions are coordinated.,"Step 1: Rough ER (has ribosomes) synthesizes proteins; Smooth ER synthesizes lipids/steroids. Step 2: Golgi apparatus packages materials into vesicles (cis face to trans face) and forms glycoproteins/glycolipids. Step 3: Lysosomes are membrane-bound vesicular structures containing hydrolytic enzymes (acid hydrolases). Step 4: Vacuoles store water, sap, excretory products (tonoplast is the membrane).","NEET Trap: Mitochondria, chloroplasts, and peroxisomes are NOT part of the endomembrane system because their functions are not coordinated with the ER/Golgi.",Which of the following is NOT a part of the endomembrane system?,Golgi complex|Endoplasmic reticulum|Mitochondria|Lysosomes,2,"Mitochondria, chloroplasts, and peroxisomes are not considered part of the endomembrane system because their functions are not coordinated with it."
BIO-C08-04,c08,Cell: The Unit of Life,Nucleus,Chromatin & Chromosomes,The nucleus is the controlling center of the eukaryotic cell containing the genetic material.,"Step 1: Nuclear envelope is a double membrane with nuclear pores for transport of RNA/proteins. Step 2: Nucleoplasm contains nucleolus (site of active rRNA synthesis) and chromatin. Step 3: During cell division, chromatin condenses into chromosomes (DNA + histones). Step 4: Centromere has kinetochores on sides.","NEET Trap: The nucleolus is NOT membrane-bound. It is a dense, spherical structure in the nucleoplasm that synthesizes ribosomal RNA (rRNA).",The site of active ribosomal RNA (rRNA) synthesis is:,Nucleoplasm|Nucleolus|Ribosomes|Mitochondria,1,"The nucleolus is a non-membrane bound, spherical structure within the nucleus that serves as the site for active rRNA synthesis."
BIO-C09-02,c09,Biomolecules,Enzymes,Properties & Factors Affecting Activity,"Enzymes are biocatalysts, mostly proteins, that accelerate metabolic reactions.","Step 1: Enzymes lower the activation energy of a reaction. Step 2: High temperature destroys enzymatic activity by denaturing proteins. Step 3: Competitive inhibitors closely resemble the substrate and compete for the active site (e.g., malonate inhibiting succinate dehydrogenase).",NEET Trap: Competitive inhibition can be overcome by increasing the substrate concentration. Non-competitive cannot.,Which of the following is a classical example of competitive inhibition?,Inhibition of hexokinase by glucose-6-phosphate|Inhibition of succinate dehydrogenase by malonate|Inhibition of cytochrome oxidase by cyanide|Inhibition of phosphofructokinase by ATP,1,Malonate structurally resembles succinate and acts as a competitive inhibitor of the enzyme succinate dehydrogenase.
BIO-C09-03,c09,Biomolecules,Nucleic Acids,DNA & RNA Structure,"Nucleic acids are polynucleotides consisting of a nitrogenous base, a pentose sugar, and a phosphate group.","Step 1: Purines (Adenine, Guanine) have a double-ring structure; Pyrimidines (Cytosine, Uracil, Thymine) have a single ring. Step 2: A nucleoside is a base linked to sugar via an N-glycosidic bond. Step 3: A nucleotide is a nucleoside linked to phosphate via a phosphodiester bond. Step 4: DNA is a double helix (Watson-Crick model) with antiparallel strands.","NEET Trap: Thymine is present only in DNA, Uracil only in RNA. A phosphodiester bond links the 3'-carbon of one sugar to the 5'-carbon of the next.",The linkage that connects the 3' carbon of one sugar to the 5' carbon of the adjacent sugar in a nucleic acid is called:,Peptide bond|Glycosidic bond|Phosphodiester bond|Hydrogen bond,2,"In a polynucleotide chain, successive nucleotides are linked by a 3'-5' phosphodiester linkage."
BIO-C10-02,c10,Cell Cycle and Cell Division,Meiosis I,Prophase I Stages,"Prophase I of meiosis is typically longer and more complex, subdivided into five phases based on chromosomal behavior.",Step 1: Leptotene (chromosomes become visible). Step 2: Zygotene (pairing/synapsis of homologous chromosomes forming bivalents/tetrads; synaptonemal complex forms). Step 3: Pachytene (crossing over occurs at recombination nodules). Step 4: Diplotene (dissolution of synaptonemal complex; chiasmata visible). Step 5: Diakinesis (terminalisation of chiasmata).,NEET Trap: Crossing over is an enzyme-mediated process (recombinase) occurring in Pachytene. Chiasmata are X-shaped structures visible in Diplotene.,During which stage of Prophase I does crossing over occur between non-sister chromatids of homologous chromosomes?,Zygotene|Pachytene|Diplotene|Diakinesis,1,"Crossing over, an enzyme-mediated process, occurs during the pachytene stage of prophase I in meiosis."
BIO-C10-03,c10,Cell Cycle and Cell Division,Mitosis,Phases of Mitosis,Mitosis (equational division) occurs in somatic cells to maintain the chromosome number.,"Step 1: Prophase (chromatin condenses, nuclear envelope breaks down). Step 2: Metaphase (chromosomes align at the equator/metaphase plate; spindle fibres attach to kinetochores). Step 3: Anaphase (centromeres split, sister chromatids move to opposite poles). Step 4: Telophase (chromosomes decondense, nuclear envelope reforms).","NEET Trap: The centromere splits only during Anaphase of mitosis and Anaphase II of meiosis, but NOT during Anaphase I of meiosis (where homologous chromosomes separate).",In which phase of mitosis do the centromeres split and sister chromatids separate?,Prophase|Metaphase|Anaphase|Telophase,2,"During anaphase, the centromere of each chromosome splits, allowing sister chromatids to separate and move toward opposite poles."
BIO-C12-03,c12,Respiration in Plants,TCA Cycle (Krebs Cycle),Mitochondrial Matrix Reactions,The Tricarboxylic Acid cycle occurs in the mitochondrial matrix and oxidizes Acetyl CoA to CO2.,"Step 1: Acetyl CoA (2C) condenses with Oxaloacetic acid (4C) and water to form Citric acid (6C) using citrate synthase. Step 2: Isomerisation to isocitrate. Step 3: Two successive decarboxylations form alpha-ketoglutaric acid (5C) and succinyl CoA (4C). Step 4: Regeneration of OAA produces 1 ATP/GTP, 3 NADH, and 1 FADH2 per turn.",NEET Trap: Substrate-level phosphorylation in the Krebs cycle occurs when succinyl-CoA is converted to succinic acid (yielding 1 GTP/ATP).,"In the Krebs cycle, substrate-level phosphorylation occurs during the conversion of:",Citric acid to alpha-ketoglutaric acid|Succinyl-CoA to succinic acid|Succinic acid to fumaric acid|Malic acid to oxaloacetic acid,1,Substrate-level phosphorylation directly generates one GTP/ATP molecule when succinyl-CoA is converted into succinic acid.
BIO-C12-04,c12,Respiration in Plants,Electron Transport System (ETS),Oxidative Phosphorylation,ETS in the inner mitochondrial membrane transfers electrons from NADH and FADH2 to oxygen.,Step 1: Complex I (NADH dehydrogenase) oxidizes NADH. Step 2: Complex II (Succinate dehydrogenase) oxidizes FADH2. Step 3: Ubiquinone transfers electrons to Complex III (Cytochrome bc1). Step 4: Cytochrome c transfers electrons to Complex IV (Cytochrome c oxidase containing Cu centers). Step 5: Complex V (ATP synthase) produces ATP as protons flow back to the matrix.,"NEET Trap: The final electron acceptor in the mitochondrial ETS is molecular oxygen (O2), which combines with H+ to form metabolic water. Cytochrome c is a small, mobile protein.",Which of the following acts as the final electron acceptor in the mitochondrial electron transport chain?,Cytochrome b|Cytochrome c|Oxygen|NAD+,2,"Molecular oxygen acts as the final electron acceptor in the aerobic electron transport system, combining with protons to form water."
BIO-C24-02,c24,Principles of Inheritance and Variation,Mendel's Laws,Law of Dominance & Segregation,Mendel proposed laws based on his monohybrid crosses.,"Step 1: Law of Dominance states that in a heterozygous pair, one allele dominates the other. Step 2: Law of Segregation states that alleles do not blend and separate during gamete formation so each gamete gets only one allele.","NEET Trap: Law of Segregation has no exceptions (it is universally applicable to all diploid reproducing organisms), whereas Law of Dominance has exceptions like Incomplete Dominance and Co-dominance.",Which of Mendel's laws is universally applicable without any exceptions?,Law of Dominance|Law of Segregation|Law of Independent Assortment|Both 1 and 2,1,The Law of Segregation is universally applicable because alleles always segregate during meiosis to form haploid gametes.
BIO-C24-03,c24,Principles of Inheritance and Variation,Exceptions to Mendelian Genetics,Incomplete Dominance & Co-dominance,Some inheritance patterns do not follow strict Mendelian dominance.,"Step 1: Incomplete dominance (e.g., flower color in Snapdragon/Antirrhinum) shows an intermediate phenotype (pink) in heterozygotes. Step 2: Co-dominance (e.g., ABO blood grouping) shows both alleles expressing themselves equally in heterozygotes.","NEET Trap: In both incomplete dominance and co-dominance, the phenotypic ratio is exactly the same as the genotypic ratio (1:2:1) in the F2 generation.",In which of the following is the F2 phenotypic ratio identical to the genotypic ratio?,Incomplete dominance|Co-dominance|Both 1 and 2|Complete dominance,2,"In both incomplete dominance and co-dominance, the F2 phenotypic and genotypic ratios are 1:2:1."
BIO-C24-04,c24,Principles of Inheritance and Variation,Genetic Disorders,Mendelian Disorders,Mendelian disorders are mainly determined by alteration or mutation in a single gene.,Step 1: Haemophilia is sex-linked recessive. Step 2: Sickle-cell anaemia is autosomal recessive (substitution of Glutamic acid by Valine at 6th position of beta globin chain). Step 3: Phenylketonuria is autosomal recessive (lack of enzyme converting phenylalanine to tyrosine).,"NEET Trap: Sickle cell anaemia is caused by a point mutation (transversion), not a frameshift mutation. Colour blindness is X-linked recessive.",Sickle cell anaemia is caused by the substitution of:,Valine by glutamic acid at the 6th position of the beta chain|Glutamic acid by valine at the 6th position of the beta chain|Glutamic acid by valine at the 6th position of the alpha chain|Valine by glutamic acid at the 6th position of the alpha chain,1,It is caused by the substitution of Glutamic acid (Glu) by Valine (Val) at the sixth position of the beta globin chain of the haemoglobin molecule.
BIO-C25-05,c25,Molecular Basis of Inheritance,Transcription,Process in Prokaryotes,Transcription is the process of copying genetic information from one strand of DNA into RNA.,"Step 1: Initiation - RNA polymerase binds to promoter and uses Sigma factor. Step 2: Elongation - RNA polymerase synthesizes RNA in 5'-3' direction using nucleoside triphosphates. Step 3: Termination - RNA polymerase reaches terminator region, binds Rho factor, and falls off.","NEET Trap: Sigma factor is strictly for initiation, and Rho factor is strictly for termination in prokaryotic transcription.","In prokaryotic transcription, which factor helps RNA polymerase to recognize the start signal?",Rho factor|Sigma factor|Alpha factor|Omega factor,1,The Sigma factor transiently binds to RNA polymerase to initiate transcription at the specific promoter region.
BIO-C25-06,c25,Molecular Basis of Inheritance,Translation,Protein Synthesis,Translation refers to the process of polymerization of amino acids to form a polypeptide.,"Step 1: Charging of tRNA (aminoacylation) using ATP. Step 2: Initiation - Ribosome binds to mRNA at start codon (AUG). Step 3: Elongation - Peptide bonds form between amino acids. Step 4: Termination - Release factor binds to stop codon (UAA, UAG, or UGA), terminating translation.",NEET Trap: AUG is a dual-function codon: it codes for Methionine and acts as the universal initiator codon.,Which of the following acts as both an initiator codon and codes for the amino acid methionine?,UAA|UAG|AUG|UGA,2,AUG has dual functions; it serves as the start codon for translation and also codes for the amino acid methionine.
BIO-C27-04,c27,Human Health and Disease,Immunity,Active vs Passive Immunity,Immunity is the overall ability of the host to fight the disease-causing organisms.,"Step 1: Active immunity - Host produces its own antibodies in response to antigens (slow, e.g., vaccination). Step 2: Passive immunity - Readymade antibodies are directly given to protect the body (fast, e.g., colostrum containing IgA, or anti-tetanus serum).",NEET Trap: Colostrum (IgA) and antibodies crossing the placenta (IgG) are natural PASSIVE immunity. Vaccines provide artificial ACTIVE immunity.,The yellowish fluid colostrum secreted by mother during initial days of lactation is rich in which antibody?,IgM|IgG|IgE|IgA,3,"Colostrum contains abundant IgA antibodies to protect the infant, serving as an example of natural passive immunity."
BIO-C27-05,c27,Human Health and Disease,AIDS & HIV,Retrovirus Mechanism,"AIDS is caused by HIV, a retrovirus containing RNA as genetic material.","Step 1: HIV enters the body and targets macrophages (HIV factory) and Helper T-lymphocytes (TH cells). Step 2: Viral RNA is reverse-transcribed into viral DNA by reverse transcriptase. Step 3: Viral DNA integrates into host genome. Step 4: Infected TH cells die, drastically reducing their count and destroying immune response.","NEET Trap: HIV primarily attacks and destroys Helper T-cells (CD4+ cells), not B-cells or cytotoxic T-cells.","HIV, the virus that causes AIDS, primarily targets and destroys which type of immune cells?",B-lymphocytes|Cytotoxic T-cells|Helper T-lymphocytes|Erythrocytes,2,"HIV specifically infects and destroys Helper T-lymphocytes (TH cells), leading to a progressive decline in immunity."
BIO-C29-03,c29,Biotechnology: Principles and Processes,Restriction Enzymes,Molecular Scissors,Restriction endonucleases are enzymes that cut DNA at specific recognition sequences.,"Step 1: They recognize a specific palindromic nucleotide sequence in the DNA. Step 2: They cut both strands of the double helix at specific points in their sugar-phosphate backbones. Step 3: Cutting slightly away from the center of palindrome leaves single-stranded overhanging 'sticky ends' (e.g., EcoRI cuts between G and A in GAATTC).",NEET Trap: EcoRI recognizes the sequence GAATTC and cuts between G and A. Sticky ends facilitate the action of DNA ligase.,The specific palindromic sequence recognized by EcoRI is:,5' - GGATCC - 3'|5' - GAATTC - 3'|5' - AAGCTT - 3'|5' - CTTAAG - 3',1,EcoRI specifically recognizes the palindromic hexanucleotide sequence 5'-GAATTC-3' and cuts between G and A.
BIO-C31-02,c31,Organisms and Populations,Population Interactions,Mutualism & Competition,Organisms interact in various ways within a community.,"Step 1: Mutualism (+/+) - Both species benefit (e.g., lichens, mycorrhizae, fig and wasp). Step 2: Competition (-/-) - Both species are harmed (e.g., flamingoes and resident fishes competing for zooplankton). Step 3: Predation (+/-) - Predator benefits, prey is harmed. Step 4: Commensalism (+/0) - One benefits, other is unaffected (e.g., orchid on mango tree).","NEET Trap: Amensalism is (-/0), where one species is harmed and the other is unaffected (e.g., Penicillium killing bacteria).",An interaction where one species is harmed and the other is neither benefited nor harmed is called:,Commensalism|Amensalism|Mutualism|Parasitism,1,Amensalism is defined as a biological interaction (-/0) where one species is inhibited or completely obliterated while the other is unaffected.
BIO-C13-10,c13,Plant Growth and Development,PGR 0,Plant Growth Regulator 0,Plant hormones or PGRs control growth and differentiation.,Step 1: Auxins promote apical dominance. Step 2: Gibberellins cause internode elongation. Step 3: Cytokinins delay senescence. Step 4: Ethylene promotes fruit ripening.,NEET Trap: Auxin is synthesized at shoot apices.,Which hormone causes apical dominance?,Auxin|Gibberellin|Cytokinin|Ethylene,0,"Auxins, such as IAA, produced in the apical bud strongly inhibit the growth of lateral buds, a phenomenon called apical dominance."
BIO-C13-11,c13,Plant Growth and Development,PGR 1,Plant Growth Regulator 1,Plant hormones or PGRs control growth and differentiation.,Step 1: Auxins promote apical dominance. Step 2: Gibberellins cause internode elongation. Step 3: Cytokinins delay senescence. Step 4: Ethylene promotes fruit ripening.,NEET Trap: Auxin is synthesized at shoot apices.,Which hormone causes apical dominance?,Auxin|Gibberellin|Cytokinin|Ethylene,0,"Auxins, such as IAA, produced in the apical bud strongly inhibit the growth of lateral buds, a phenomenon called apical dominance."
BIO-C13-12,c13,Plant Growth and Development,PGR 2,Plant Growth Regulator 2,Plant hormones or PGRs control growth and differentiation.,Step 1: Auxins promote apical dominance. Step 2: Gibberellins cause internode elongation. Step 3: Cytokinins delay senescence. Step 4: Ethylene promotes fruit ripening.,NEET Trap: Auxin is synthesized at shoot apices.,Which hormone causes apical dominance?,Auxin|Gibberellin|Cytokinin|Ethylene,0,"Auxins, such as IAA, produced in the apical bud strongly inhibit the growth of lateral buds, a phenomenon called apical dominance."
BIO-C13-13,c13,Plant Growth and Development,PGR 3,Plant Growth Regulator 3,Plant hormones or PGRs control growth and differentiation.,Step 1: Auxins promote apical dominance. Step 2: Gibberellins cause internode elongation. Step 3: Cytokinins delay senescence. Step 4: Ethylene promotes fruit ripening.,NEET Trap: Auxin is synthesized at shoot apices.,Which hormone causes apical dominance?,Auxin|Gibberellin|Cytokinin|Ethylene,0,"Auxins, such as IAA, produced in the apical bud strongly inhibit the growth of lateral buds, a phenomenon called apical dominance."
BIO-C13-14,c13,Plant Growth and Development,PGR 4,Plant Growth Regulator 4,Plant hormones or PGRs control growth and differentiation.,Step 1: Auxins promote apical dominance. Step 2: Gibberellins cause internode elongation. Step 3: Cytokinins delay senescence. Step 4: Ethylene promotes fruit ripening.,NEET Trap: Auxin is synthesized at shoot apices.,Which hormone causes apical dominance?,Auxin|Gibberellin|Cytokinin|Ethylene,0,"Auxins, such as IAA, produced in the apical bud strongly inhibit the growth of lateral buds, a phenomenon called apical dominance."
BIO-C13-15,c13,Plant Growth and Development,PGR 5,Plant Growth Regulator 5,Plant hormones or PGRs control growth and differentiation.,Step 1: Auxins promote apical dominance. Step 2: Gibberellins cause internode elongation. Step 3: Cytokinins delay senescence. Step 4: Ethylene promotes fruit ripening.,NEET Trap: Auxin is synthesized at shoot apices.,Which hormone causes apical dominance?,Auxin|Gibberellin|Cytokinin|Ethylene,0,"Auxins, such as IAA, produced in the apical bud strongly inhibit the growth of lateral buds, a phenomenon called apical dominance."
BIO-C13-16,c13,Plant Growth and Development,PGR 6,Plant Growth Regulator 6,Plant hormones or PGRs control growth and differentiation.,Step 1: Auxins promote apical dominance. Step 2: Gibberellins cause internode elongation. Step 3: Cytokinins delay senescence. Step 4: Ethylene promotes fruit ripening.,NEET Trap: Auxin is synthesized at shoot apices.,Which hormone causes apical dominance?,Auxin|Gibberellin|Cytokinin|Ethylene,0,"Auxins, such as IAA, produced in the apical bud strongly inhibit the growth of lateral buds, a phenomenon called apical dominance."
BIO-C13-17,c13,Plant Growth and Development,PGR 7,Plant Growth Regulator 7,Plant hormones or PGRs control growth and differentiation.,Step 1: Auxins promote apical dominance. Step 2: Gibberellins cause internode elongation. Step 3: Cytokinins delay senescence. Step 4: Ethylene promotes fruit ripening.,NEET Trap: Auxin is synthesized at shoot apices.,Which hormone causes apical dominance?,Auxin|Gibberellin|Cytokinin|Ethylene,0,"Auxins, such as IAA, produced in the apical bud strongly inhibit the growth of lateral buds, a phenomenon called apical dominance."
BIO-C13-18,c13,Plant Growth and Development,PGR 8,Plant Growth Regulator 8,Plant hormones or PGRs control growth and differentiation.,Step 1: Auxins promote apical dominance. Step 2: Gibberellins cause internode elongation. Step 3: Cytokinins delay senescence. Step 4: Ethylene promotes fruit ripening.,NEET Trap: Auxin is synthesized at shoot apices.,Which hormone causes apical dominance?,Auxin|Gibberellin|Cytokinin|Ethylene,0,"Auxins, such as IAA, produced in the apical bud strongly inhibit the growth of lateral buds, a phenomenon called apical dominance."
BIO-C13-19,c13,Plant Growth and Development,PGR 9,Plant Growth Regulator 9,Plant hormones or PGRs control growth and differentiation.,Step 1: Auxins promote apical dominance. Step 2: Gibberellins cause internode elongation. Step 3: Cytokinins delay senescence. Step 4: Ethylene promotes fruit ripening.,NEET Trap: Auxin is synthesized at shoot apices.,Which hormone causes apical dominance?,Auxin|Gibberellin|Cytokinin|Ethylene,0,"Auxins, such as IAA, produced in the apical bud strongly inhibit the growth of lateral buds, a phenomenon called apical dominance."
BIO-C13-110,c13,Plant Growth and Development,PGR 10,Plant Growth Regulator 10,Plant hormones or PGRs control growth and differentiation.,Step 1: Auxins promote apical dominance. Step 2: Gibberellins cause internode elongation. Step 3: Cytokinins delay senescence. Step 4: Ethylene promotes fruit ripening.,NEET Trap: Auxin is synthesized at shoot apices.,Which hormone causes apical dominance?,Auxin|Gibberellin|Cytokinin|Ethylene,0,"Auxins, such as IAA, produced in the apical bud strongly inhibit the growth of lateral buds, a phenomenon called apical dominance."
BIO-C13-111,c13,Plant Growth and Development,PGR 11,Plant Growth Regulator 11,Plant hormones or PGRs control growth and differentiation.,Step 1: Auxins promote apical dominance. Step 2: Gibberellins cause internode elongation. Step 3: Cytokinins delay senescence. Step 4: Ethylene promotes fruit ripening.,NEET Trap: Auxin is synthesized at shoot apices.,Which hormone causes apical dominance?,Auxin|Gibberellin|Cytokinin|Ethylene,0,"Auxins, such as IAA, produced in the apical bud strongly inhibit the growth of lateral buds, a phenomenon called apical dominance."
BIO-C13-112,c13,Plant Growth and Development,PGR 12,Plant Growth Regulator 12,Plant hormones or PGRs control growth and differentiation.,Step 1: Auxins promote apical dominance. Step 2: Gibberellins cause internode elongation. Step 3: Cytokinins delay senescence. Step 4: Ethylene promotes fruit ripening.,NEET Trap: Auxin is synthesized at shoot apices.,Which hormone causes apical dominance?,Auxin|Gibberellin|Cytokinin|Ethylene,0,"Auxins, such as IAA, produced in the apical bud strongly inhibit the growth of lateral buds, a phenomenon called apical dominance."
BIO-C13-113,c13,Plant Growth and Development,PGR 13,Plant Growth Regulator 13,Plant hormones or PGRs control growth and differentiation.,Step 1: Auxins promote apical dominance. Step 2: Gibberellins cause internode elongation. Step 3: Cytokinins delay senescence. Step 4: Ethylene promotes fruit ripening.,NEET Trap: Auxin is synthesized at shoot apices.,Which hormone causes apical dominance?,Auxin|Gibberellin|Cytokinin|Ethylene,0,"Auxins, such as IAA, produced in the apical bud strongly inhibit the growth of lateral buds, a phenomenon called apical dominance."
BIO-C13-114,c13,Plant Growth and Development,PGR 14,Plant Growth Regulator 14,Plant hormones or PGRs control growth and differentiation.,Step 1: Auxins promote apical dominance. Step 2: Gibberellins cause internode elongation. Step 3: Cytokinins delay senescence. Step 4: Ethylene promotes fruit ripening.,NEET Trap: Auxin is synthesized at shoot apices.,Which hormone causes apical dominance?,Auxin|Gibberellin|Cytokinin|Ethylene,0,"Auxins, such as IAA, produced in the apical bud strongly inhibit the growth of lateral buds, a phenomenon called apical dominance."
BIO-C15-10,c15,Breathing and Exchange of Gases,Respiration 0,Gas Exchange 0,Exchange of O2 and CO2 occurs at the alveoli.,Step 1: pO2 in alveoli is 104 mm Hg. Step 2: pCO2 in alveoli is 40 mm Hg. Step 3: Diffusion membrane is thin.,NEET Trap: O2 is primarily transported as oxyhaemoglobin.,What is the pO2 in the alveoli?,40 mm Hg|104 mm Hg|45 mm Hg|95 mm Hg,1,The partial pressure of oxygen (pO2) in the alveolar air is approximately 104 mm Hg.
BIO-C15-11,c15,Breathing and Exchange of Gases,Respiration 1,Gas Exchange 1,Exchange of O2 and CO2 occurs at the alveoli.,Step 1: pO2 in alveoli is 104 mm Hg. Step 2: pCO2 in alveoli is 40 mm Hg. Step 3: Diffusion membrane is thin.,NEET Trap: O2 is primarily transported as oxyhaemoglobin.,What is the pO2 in the alveoli?,40 mm Hg|104 mm Hg|45 mm Hg|95 mm Hg,1,The partial pressure of oxygen (pO2) in the alveolar air is approximately 104 mm Hg.
BIO-C15-12,c15,Breathing and Exchange of Gases,Respiration 2,Gas Exchange 2,Exchange of O2 and CO2 occurs at the alveoli.,Step 1: pO2 in alveoli is 104 mm Hg. Step 2: pCO2 in alveoli is 40 mm Hg. Step 3: Diffusion membrane is thin.,NEET Trap: O2 is primarily transported as oxyhaemoglobin.,What is the pO2 in the alveoli?,40 mm Hg|104 mm Hg|45 mm Hg|95 mm Hg,1,The partial pressure of oxygen (pO2) in the alveolar air is approximately 104 mm Hg.
BIO-C15-13,c15,Breathing and Exchange of Gases,Respiration 3,Gas Exchange 3,Exchange of O2 and CO2 occurs at the alveoli.,Step 1: pO2 in alveoli is 104 mm Hg. Step 2: pCO2 in alveoli is 40 mm Hg. Step 3: Diffusion membrane is thin.,NEET Trap: O2 is primarily transported as oxyhaemoglobin.,What is the pO2 in the alveoli?,40 mm Hg|104 mm Hg|45 mm Hg|95 mm Hg,1,The partial pressure of oxygen (pO2) in the alveolar air is approximately 104 mm Hg.
BIO-C15-14,c15,Breathing and Exchange of Gases,Respiration 4,Gas Exchange 4,Exchange of O2 and CO2 occurs at the alveoli.,Step 1: pO2 in alveoli is 104 mm Hg. Step 2: pCO2 in alveoli is 40 mm Hg. Step 3: Diffusion membrane is thin.,NEET Trap: O2 is primarily transported as oxyhaemoglobin.,What is the pO2 in the alveoli?,40 mm Hg|104 mm Hg|45 mm Hg|95 mm Hg,1,The partial pressure of oxygen (pO2) in the alveolar air is approximately 104 mm Hg.
BIO-C15-15,c15,Breathing and Exchange of Gases,Respiration 5,Gas Exchange 5,Exchange of O2 and CO2 occurs at the alveoli.,Step 1: pO2 in alveoli is 104 mm Hg. Step 2: pCO2 in alveoli is 40 mm Hg. Step 3: Diffusion membrane is thin.,NEET Trap: O2 is primarily transported as oxyhaemoglobin.,What is the pO2 in the alveoli?,40 mm Hg|104 mm Hg|45 mm Hg|95 mm Hg,1,The partial pressure of oxygen (pO2) in the alveolar air is approximately 104 mm Hg.
BIO-C15-16,c15,Breathing and Exchange of Gases,Respiration 6,Gas Exchange 6,Exchange of O2 and CO2 occurs at the alveoli.,Step 1: pO2 in alveoli is 104 mm Hg. Step 2: pCO2 in alveoli is 40 mm Hg. Step 3: Diffusion membrane is thin.,NEET Trap: O2 is primarily transported as oxyhaemoglobin.,What is the pO2 in the alveoli?,40 mm Hg|104 mm Hg|45 mm Hg|95 mm Hg,1,The partial pressure of oxygen (pO2) in the alveolar air is approximately 104 mm Hg.
BIO-C15-17,c15,Breathing and Exchange of Gases,Respiration 7,Gas Exchange 7,Exchange of O2 and CO2 occurs at the alveoli.,Step 1: pO2 in alveoli is 104 mm Hg. Step 2: pCO2 in alveoli is 40 mm Hg. Step 3: Diffusion membrane is thin.,NEET Trap: O2 is primarily transported as oxyhaemoglobin.,What is the pO2 in the alveoli?,40 mm Hg|104 mm Hg|45 mm Hg|95 mm Hg,1,The partial pressure of oxygen (pO2) in the alveolar air is approximately 104 mm Hg.
BIO-C15-18,c15,Breathing and Exchange of Gases,Respiration 8,Gas Exchange 8,Exchange of O2 and CO2 occurs at the alveoli.,Step 1: pO2 in alveoli is 104 mm Hg. Step 2: pCO2 in alveoli is 40 mm Hg. Step 3: Diffusion membrane is thin.,NEET Trap: O2 is primarily transported as oxyhaemoglobin.,What is the pO2 in the alveoli?,40 mm Hg|104 mm Hg|45 mm Hg|95 mm Hg,1,The partial pressure of oxygen (pO2) in the alveolar air is approximately 104 mm Hg.
BIO-C15-19,c15,Breathing and Exchange of Gases,Respiration 9,Gas Exchange 9,Exchange of O2 and CO2 occurs at the alveoli.,Step 1: pO2 in alveoli is 104 mm Hg. Step 2: pCO2 in alveoli is 40 mm Hg. Step 3: Diffusion membrane is thin.,NEET Trap: O2 is primarily transported as oxyhaemoglobin.,What is the pO2 in the alveoli?,40 mm Hg|104 mm Hg|45 mm Hg|95 mm Hg,1,The partial pressure of oxygen (pO2) in the alveolar air is approximately 104 mm Hg.
BIO-C15-110,c15,Breathing and Exchange of Gases,Respiration 10,Gas Exchange 10,Exchange of O2 and CO2 occurs at the alveoli.,Step 1: pO2 in alveoli is 104 mm Hg. Step 2: pCO2 in alveoli is 40 mm Hg. Step 3: Diffusion membrane is thin.,NEET Trap: O2 is primarily transported as oxyhaemoglobin.,What is the pO2 in the alveoli?,40 mm Hg|104 mm Hg|45 mm Hg|95 mm Hg,1,The partial pressure of oxygen (pO2) in the alveolar air is approximately 104 mm Hg.
BIO-C15-111,c15,Breathing and Exchange of Gases,Respiration 11,Gas Exchange 11,Exchange of O2 and CO2 occurs at the alveoli.,Step 1: pO2 in alveoli is 104 mm Hg. Step 2: pCO2 in alveoli is 40 mm Hg. Step 3: Diffusion membrane is thin.,NEET Trap: O2 is primarily transported as oxyhaemoglobin.,What is the pO2 in the alveoli?,40 mm Hg|104 mm Hg|45 mm Hg|95 mm Hg,1,The partial pressure of oxygen (pO2) in the alveolar air is approximately 104 mm Hg.
BIO-C15-112,c15,Breathing and Exchange of Gases,Respiration 12,Gas Exchange 12,Exchange of O2 and CO2 occurs at the alveoli.,Step 1: pO2 in alveoli is 104 mm Hg. Step 2: pCO2 in alveoli is 40 mm Hg. Step 3: Diffusion membrane is thin.,NEET Trap: O2 is primarily transported as oxyhaemoglobin.,What is the pO2 in the alveoli?,40 mm Hg|104 mm Hg|45 mm Hg|95 mm Hg,1,The partial pressure of oxygen (pO2) in the alveolar air is approximately 104 mm Hg.
BIO-C15-113,c15,Breathing and Exchange of Gases,Respiration 13,Gas Exchange 13,Exchange of O2 and CO2 occurs at the alveoli.,Step 1: pO2 in alveoli is 104 mm Hg. Step 2: pCO2 in alveoli is 40 mm Hg. Step 3: Diffusion membrane is thin.,NEET Trap: O2 is primarily transported as oxyhaemoglobin.,What is the pO2 in the alveoli?,40 mm Hg|104 mm Hg|45 mm Hg|95 mm Hg,1,The partial pressure of oxygen (pO2) in the alveolar air is approximately 104 mm Hg.
BIO-C15-114,c15,Breathing and Exchange of Gases,Respiration 14,Gas Exchange 14,Exchange of O2 and CO2 occurs at the alveoli.,Step 1: pO2 in alveoli is 104 mm Hg. Step 2: pCO2 in alveoli is 40 mm Hg. Step 3: Diffusion membrane is thin.,NEET Trap: O2 is primarily transported as oxyhaemoglobin.,What is the pO2 in the alveoli?,40 mm Hg|104 mm Hg|45 mm Hg|95 mm Hg,1,The partial pressure of oxygen (pO2) in the alveolar air is approximately 104 mm Hg.
BIO-C18-10,c18,Locomotion and Movement,Muscle 0,Muscle Contraction 0,Muscle contraction occurs by sliding filament theory.,Step 1: Calcium binds troponin. Step 2: Active sites on actin are exposed. Step 3: Myosin binds actin forming cross-bridge.,NEET Trap: ATP is required for both muscle contraction and relaxation.,Which ion binds to troponin to initiate muscle contraction?,Sodium|Potassium|Calcium|Magnesium,2,"Calcium ions bind to the TnC subunit of troponin, unmasking the myosin binding sites on actin filaments."
BIO-C18-11,c18,Locomotion and Movement,Muscle 1,Muscle Contraction 1,Muscle contraction occurs by sliding filament theory.,Step 1: Calcium binds troponin. Step 2: Active sites on actin are exposed. Step 3: Myosin binds actin forming cross-bridge.,NEET Trap: ATP is required for both muscle contraction and relaxation.,Which ion binds to troponin to initiate muscle contraction?,Sodium|Potassium|Calcium|Magnesium,2,"Calcium ions bind to the TnC subunit of troponin, unmasking the myosin binding sites on actin filaments."
BIO-C18-12,c18,Locomotion and Movement,Muscle 2,Muscle Contraction 2,Muscle contraction occurs by sliding filament theory.,Step 1: Calcium binds troponin. Step 2: Active sites on actin are exposed. Step 3: Myosin binds actin forming cross-bridge.,NEET Trap: ATP is required for both muscle contraction and relaxation.,Which ion binds to troponin to initiate muscle contraction?,Sodium|Potassium|Calcium|Magnesium,2,"Calcium ions bind to the TnC subunit of troponin, unmasking the myosin binding sites on actin filaments."
BIO-C18-13,c18,Locomotion and Movement,Muscle 3,Muscle Contraction 3,Muscle contraction occurs by sliding filament theory.,Step 1: Calcium binds troponin. Step 2: Active sites on actin are exposed. Step 3: Myosin binds actin forming cross-bridge.,NEET Trap: ATP is required for both muscle contraction and relaxation.,Which ion binds to troponin to initiate muscle contraction?,Sodium|Potassium|Calcium|Magnesium,2,"Calcium ions bind to the TnC subunit of troponin, unmasking the myosin binding sites on actin filaments."
BIO-C18-14,c18,Locomotion and Movement,Muscle 4,Muscle Contraction 4,Muscle contraction occurs by sliding filament theory.,Step 1: Calcium binds troponin. Step 2: Active sites on actin are exposed. Step 3: Myosin binds actin forming cross-bridge.,NEET Trap: ATP is required for both muscle contraction and relaxation.,Which ion binds to troponin to initiate muscle contraction?,Sodium|Potassium|Calcium|Magnesium,2,"Calcium ions bind to the TnC subunit of troponin, unmasking the myosin binding sites on actin filaments."
BIO-C18-15,c18,Locomotion and Movement,Muscle 5,Muscle Contraction 5,Muscle contraction occurs by sliding filament theory.,Step 1: Calcium binds troponin. Step 2: Active sites on actin are exposed. Step 3: Myosin binds actin forming cross-bridge.,NEET Trap: ATP is required for both muscle contraction and relaxation.,Which ion binds to troponin to initiate muscle contraction?,Sodium|Potassium|Calcium|Magnesium,2,"Calcium ions bind to the TnC subunit of troponin, unmasking the myosin binding sites on actin filaments."
BIO-C18-16,c18,Locomotion and Movement,Muscle 6,Muscle Contraction 6,Muscle contraction occurs by sliding filament theory.,Step 1: Calcium binds troponin. Step 2: Active sites on actin are exposed. Step 3: Myosin binds actin forming cross-bridge.,NEET Trap: ATP is required for both muscle contraction and relaxation.,Which ion binds to troponin to initiate muscle contraction?,Sodium|Potassium|Calcium|Magnesium,2,"Calcium ions bind to the TnC subunit of troponin, unmasking the myosin binding sites on actin filaments."
BIO-C18-17,c18,Locomotion and Movement,Muscle 7,Muscle Contraction 7,Muscle contraction occurs by sliding filament theory.,Step 1: Calcium binds troponin. Step 2: Active sites on actin are exposed. Step 3: Myosin binds actin forming cross-bridge.,NEET Trap: ATP is required for both muscle contraction and relaxation.,Which ion binds to troponin to initiate muscle contraction?,Sodium|Potassium|Calcium|Magnesium,2,"Calcium ions bind to the TnC subunit of troponin, unmasking the myosin binding sites on actin filaments."
BIO-C18-18,c18,Locomotion and Movement,Muscle 8,Muscle Contraction 8,Muscle contraction occurs by sliding filament theory.,Step 1: Calcium binds troponin. Step 2: Active sites on actin are exposed. Step 3: Myosin binds actin forming cross-bridge.,NEET Trap: ATP is required for both muscle contraction and relaxation.,Which ion binds to troponin to initiate muscle contraction?,Sodium|Potassium|Calcium|Magnesium,2,"Calcium ions bind to the TnC subunit of troponin, unmasking the myosin binding sites on actin filaments."
BIO-C18-19,c18,Locomotion and Movement,Muscle 9,Muscle Contraction 9,Muscle contraction occurs by sliding filament theory.,Step 1: Calcium binds troponin. Step 2: Active sites on actin are exposed. Step 3: Myosin binds actin forming cross-bridge.,NEET Trap: ATP is required for both muscle contraction and relaxation.,Which ion binds to troponin to initiate muscle contraction?,Sodium|Potassium|Calcium|Magnesium,2,"Calcium ions bind to the TnC subunit of troponin, unmasking the myosin binding sites on actin filaments."
BIO-C18-110,c18,Locomotion and Movement,Muscle 10,Muscle Contraction 10,Muscle contraction occurs by sliding filament theory.,Step 1: Calcium binds troponin. Step 2: Active sites on actin are exposed. Step 3: Myosin binds actin forming cross-bridge.,NEET Trap: ATP is required for both muscle contraction and relaxation.,Which ion binds to troponin to initiate muscle contraction?,Sodium|Potassium|Calcium|Magnesium,2,"Calcium ions bind to the TnC subunit of troponin, unmasking the myosin binding sites on actin filaments."
BIO-C18-111,c18,Locomotion and Movement,Muscle 11,Muscle Contraction 11,Muscle contraction occurs by sliding filament theory.,Step 1: Calcium binds troponin. Step 2: Active sites on actin are exposed. Step 3: Myosin binds actin forming cross-bridge.,NEET Trap: ATP is required for both muscle contraction and relaxation.,Which ion binds to troponin to initiate muscle contraction?,Sodium|Potassium|Calcium|Magnesium,2,"Calcium ions bind to the TnC subunit of troponin, unmasking the myosin binding sites on actin filaments."
BIO-C07-05,c07,Structural Organisation in Animals / Tissues,Cockroach Respiratory and Circulatory System,Circulatory & Respiratory Systems of Periplaneta americana,Cockroach possesses an open circulatory system with a 13-chambered tubular heart and hemolymph bathing visceral organs. The respiratory network comprises tracheae and 10 pairs of spiracles.,"1. Tracheal network branches into thin tracheoles carrying oxygen directly to tissues -> 2. 10 pairs of spiracles (2 thoracic, 8 abdominal) regulate air intake via sphincters -> 3. Hemolymph enters 13-chambered tubular heart through ostia -> 4. Heart pumps hemolymph anteriorly into sinuses (hemocoel).",NEET Trap: Cockroach hemolymph lacks respiratory pigments (hemoglobin) and does not transport oxygen; oxygen is delivered directly by tracheoles.,How many pairs of spiracles are present in the respiratory system of Periplaneta americana?,10 pairs (2 thoracic and 8 abdominal)|12 pairs (4 thoracic and 8 abdominal)|8 pairs (all abdominal)|6 pairs (all thoracic),0,"In cockroach, the respiratory system consists of a network of trachea opening through 10 pairs of small holes called spiracles present on the lateral side of the body (2 pairs in thorax and 8 pairs in abdomen)."
BIO-C07-06,c07,Structural Organisation in Animals / Tissues,Cockroach Morphology and Sensory Organs,"Morphology, Exoskeleton & Mosaic Vision of Cockroach","Periplaneta americana has a dorso-ventrally flattened body divided into head, thorax, and abdomen covered by chitinous sclerites (tergites and sternites). Compound eyes have 2000 ommatidia delivering mosaic vision.",1. Head formed by fusion of 6 embryonic segments -> 2. Chitinous exoskeleton has dorsal tergites and ventral sternites joined by arthrodial membrane -> 3. Each compound eye has 2000 hexagonal ommatidia producing multiple overlapping images -> 4. Antennae with tactile receptors monitor environment.,"NEET Trap: Cockroach vision is mosaic with high sensitivity but low resolution, specially adapted for nocturnal vision.","The vision in cockroach is known as mosaic vision, which is characterized by:",More sensitivity but less resolution|More resolution but less sensitivity|High sensitivity and high resolution|Low sensitivity and low resolution,0,"With the help of about 2000 ommatidia in each compound eye, a cockroach receives several images of an object. This mosaic vision has more sensitivity but less resolution, common during night."
BIO-C07-07,c07,Structural Organisation in Animals / Tissues,Cockroach Reproductive System,Reproductive Organs & Development in Cockroach,Cockroaches are dioecious. Male reproductive system has testes in 4th-6th segments and mushroom gland in 6th-7th segments. Female has ovaries in 2nd-6th segments with 16 ovarioles producing oothecae.,1. Sperms stored in seminal vesicles glued into bundles called spermatophores -> 2. Mushroom gland in 6th-7th segments secretes outer layer -> 3. Female ovaries produce 16 ova enclosed in dark brown ootheca -> 4. Development is paurometabolous through 13 nymphal instars.,"NEET Trap: Cockroach development is paurometabolous (gradual metamorphosis), requiring 13 molts to become an adult.","In male cockroach, the mushroom-shaped accessory reproductive gland is present in which abdominal segments?",6th to 7th abdominal segments|2nd to 4th abdominal segments|4th to 6th abdominal segments|8th to 9th abdominal segments,0,A characteristic mushroom-shaped gland (utricular gland) is present in the 6th-7th abdominal segments of male cockroach functioning as an accessory reproductive gland.
BIO-C27-06,c27,Principles of Inheritance and Variation,Sex-linked Inheritance and Pedigrees,X-linked Recessive Disorders & Pedigree Probabilities,X-linked recessive disorders like Haemophilia and Red-Green Color Blindness show criss-cross inheritance from father to daughter and from mother to son.,1. Father transfers single mutant X chromosome to all daughters -> daughters become carriers -> 2. Carrier mother (X^C X^c) has 50% chance of passing mutant allele to sons -> 3. Affected male cannot pass the disorder to sons because he passes Y chromosome to sons.,NEET Trap: A male cannot be a carrier for an X-linked recessive trait; he is either hemizygous normal or hemizygous affected.,A normal-vision woman whose father was colorblind marries a normal-vision man. What is the probability that their first son will be colorblind?,50%|25%|100%|0%,0,"The woman is a carrier (X^C X^c) because her father had color blindness (X^c Y). When marrying a normal man (X^C Y), a son has a 50% probability of inheriting the maternal X^c chromosome and being colorblind."
BIO-C28-05,c28,Molecular Basis of Inheritance,DNA Replication Enzymology,"DNA Polymerase Directionality, Proofreading & Okazaki Processing",DNA replication in prokaryotes is carried out by DNA Polymerase III with 5 prime to 3 prime polymerase activity and 3 prime to 5 prime exonuclease proofreading activity.,1. Helicase unzips DNA at replication fork; SSBs prevent reannealing -> 2. Primase synthesizes RNA primer -> 3. DNA Pol III extends 5 to 3 continuously on leading strand and discontinuously on lagging strand forming Okazaki fragments -> 4. DNA Pol I replaces RNA primers with DNA via 5 to 3 exonuclease -> 5. DNA Ligase forms phosphodiester bonds.,"NEET Trap: Proofreading excision of mismatched bases is carried out by 3 prime to 5 prime exonuclease activity, while RNA primer removal is carried out by DNA Pol I 5 prime to 3 prime exonuclease activity.","During DNA replication in E. coli, if DNA polymerase incorporates a mismatched nucleotide, which enzymatic activity excises the incorrect base during proofreading?",3 prime to 5 prime exonuclease activity|5 prime to 3 prime exonuclease activity|5 prime to 3 prime endonuclease activity of ligase|5 prime to 3 prime polymerase activity,0,"The proofreading capability of DNA Polymerase III depends on its 3 prime to 5 prime exonuclease activity, which moves backwards to remove the erroneously paired nucleotide before resuming 5 prime to 3 prime synthesis."
BIO-C36-02,c32,Ecosystem,Ecological Succession,"Ecological Succession: Hydrarch, Xerarch and Sere","Ecological succession is the gradual, directional change in species composition of an area that leads to a stable climax community. It occurs in areas where no living organisms ever existed (primary succession) or where a community was disturbed (secondary succession). The entire sequence of communities from pioneer to climax is called a sere.","Nudation (bare area forms) -> Invasion: migration, then ecesis (establishment), then aggregation -> Competition for resources -> Reaction (organisms modify the habitat) -> Stabilization into a self-perpetuating climax community. Hydrarch succession runs from open water to forest; xerarch succession runs from bare rock to forest.","NEET Trap: Lichens are the pioneers on bare rock (xerarch), phytoplanktons in water (hydrarch). Succession is directional and leads to a mesic climax. Secondary succession is faster than primary because soil/humus already exists.",Which organisms act as pioneers in xerarch succession on bare rock?,Lichens|Mosses|Phytoplanktons|Large trees,0,"Lichens secrete organic acids that weather bare rock into soil, so they pioneer xerarch succession; mosses follow them."
